product_id,category_id,supplier_id,product_name,price,stock_quantity
2236-emg-3965,01HQZSYXN6YFDBEX24RWT2KJ9R,01HQZS3D2VRT76HB7JA5JGBVY9,Monopoly,20,485
5929-lkq-3194,01HQZSYXN6YFDBEX24RWT2KJ9R,01HQZS3D3CT1C9METRW0Y254P1,Scrabble,15,164
4364-gin-3579,01HQZSYXN6YFDBEX24RWT2KJ9R,01HQZS3D2QD23NXC90T5ZZ28EM,The Settlers of Catan,30,385
1532-fxj-8501,01HQZSYXN6YFDBEX24RWT2KJ9R,01HQZS3D3A2ZAC180NJ1KSHZTV,Risk,25,457
2637-mkx-6661,01HQZSYXN6YFDBEX24RWT2KJ9R,01HQZS3D2M7MHJYH3CJZG7NXBY,Clue (Cluedo outside of North America),20,348
8542-oxa-0177,01HQZSYXN6YFDBEX24RWT2KJ9R,01HQZS3D31PAKV1T9NJDHFACHF,Ticket to Ride,40,339
8367-plv-2975,01HQZSYXN6YFDBEX24RWT2KJ9R,01HQZS3D2S0HJ8PC9D8PS9GVGG,Pandemic,35,380
9180-ebb-2689,01HQZSYXN6YFDBEX24RWT2KJ9R,01HQZS3D2KXS6WNSV8PVMVA6WK,Carcassonne,30,484
6199-bzh-0011,01HQZSYXN6YFDBEX24RWT2KJ9R,01HQZS3D30SYGCS0QWFHAFKWP8,Chess,15,168
8377-bsu-0260,01HQZSYXN6YFDBEX24RWT2KJ9R,01HQZS3D2M7MHJYH3CJZG7NXBY,Battleship,20,297
7528-okf-4701,01HQZSYXN6YFDBEX24RWT2KJ9R,01HQZS3D345X3ZMEFQD17F972B,UNO,10,264
6252-vhy-7983,01HQZSYXN6YFDBEX24RWT2KJ9R,01HQZS3D39BJYYXF5MY58WN6HJ,Cards Against Humanity,25,210
1030-gfz-1470,01HQZSYXN6YFDBEX24RWT2KJ9R,01HQZS3D2KXS6WNSV8PVMVA6WK,Exploding Kittens,15,369
1021-znn-0397,01HQZSYXN6YFDBEX24RWT2KJ9R,01HQZS3D3A2ZAC180NJ1KSHZTV,Sushi Go!,10,463
6632-vrq-2173,01HQZSYXN6YFDBEX24RWT2KJ9R,01HQZS3D345X3ZMEFQD17F972B,Dominion,30,358
5165-cgc-0034,01HQZSYXN6YFDBEX24RWT2KJ9R,01HQZS3D2JCXJ0GKKPY6JT5RMM,Magic: The Gathering,50,345
8203-apz-7987,01HQZSYXN6YFDBEX24RWT2KJ9R,01HQZS3D2VRT76HB7JA5JGBVY9,Poker Set,30,449
7773-ein-3797,01HQZSYXN6YFDBEX24RWT2KJ9R,01HQZS3D39BJYYXF5MY58WN6HJ,Phase 10,10,304
8639-kqu-9430,01HQZSYXN6YFDBEX24RWT2KJ9R,01HQZS3D37TG8J8QEYMQ264V9G,Munchkin,20,290
7547-pgu-3553,01HQZSYXN6YFDBEX24RWT2KJ9R,01HQZS3D3BVAG32KAQNJN2TPAN,Dutch Blitz,10,302
6099-ibb-4183,01HQZSYXN6YFDBEX24RWT2KJ9R,01HQZS3D334KNTBZE44YMYQQPX,The Legend of Zelda: Breath of the Wild,50,267
9904-kpt-1992,01HQZSYXN6YFDBEX24RWT2KJ9R,01HQZS3D39BJYYXF5MY58WN6HJ,Super Mario Odyssey,40,112
7865-aui-7877,01HQZSYXN6YFDBEX24RWT2KJ9R,01HQZS3D31PAKV1T9NJDHFACHF,Minecraft,30,279
1831-hlz-3458,01HQZSYXN6YFDBEX24RWT2KJ9R,01HQZS3D3CT1C9METRW0Y254P1,Fortnite,30,105
4363-wmt-3344,01HQZSYXN6YFDBEX24RWT2KJ9R,01HQZS3D37TG8J8QEYMQ264V9G,Animal Crossing: New Horizons,50,268
6285-ozw-4849,01HQZSYXN6YFDBEX24RWT2KJ9R,01HQZS3D2VRT76HB7JA5JGBVY9,Call of Duty: Modern Warfare,40,207
8830-lno-2385,01HQZSYXN6YFDBEX24RWT2KJ9R,01HQZS3D2Y46H6A0H6Y4CH3AJH,Red Dead Redemption 2,50,219
8400-pft-6602,01HQZSYXN6YFDBEX24RWT2KJ9R,01HQZS3D334KNTBZE44YMYQQPX,The Witcher 3: Wild Hunt,45,408
6646-nhw-5078,01HQZSYXN6YFDBEX24RWT2KJ9R,01HQZS3D37TG8J8QEYMQ264V9G,Grand Theft Auto V,40,348
1241-fwm-6242,01HQZSYXN6YFDBEX24RWT2KJ9R,01HQZS3D2H59D34ZDE35GYX6X8,Overwatch,30,167
4813-oun-2606,01HQZSYXN6YFDBEX24RWT2KJ9R,01HQZS3D2KXS6WNSV8PVMVA6WK,Jigsaw Puzzles (various themes),20,418
3199-bbm-2756,01HQZSYXN6YFDBEX24RWT2KJ9R,01HQZS3D39BJYYXF5MY58WN6HJ,Sudoku Books,10,264
6924-eab-3301,01HQZSYXN6YFDBEX24RWT2KJ9R,01HQZS3D32MCXQQXP35PH4F8SB,Crossword Puzzles,10,387
4872-rzg-9807,01HQZSYXN6YFDBEX24RWT2KJ9R,01HQZS3D345X3ZMEFQD17F972B,Bananagrams,15,136
6357-mmd-9398,01HQZSYXN6YFDBEX24RWT2KJ9R,01HQZS3D2S0HJ8PC9D8PS9GVGG,Blokus,20,193
8291-mmy-8291,01HQZSYXN6YFDBEX24RWT2KJ9R,01HQZS3D2P60GAGRTJWH4R9JBX,7 Wonders,30,448
5871-ihn-2859,01HQZSYXN6YFDBEX24RWT2KJ9R,01HQZS3D31PAKV1T9NJDHFACHF,Terraforming Mars,40,155
3246-uob-1465,01HQZSYXN6YFDBEX24RWT2KJ9R,01HQZS3D345X3ZMEFQD17F972B,Codenames,20,290
4652-kmy-1148,01HQZSYXN6YFDBEX24RWT2KJ9R,01HQZS3D2Y46H6A0H6Y4CH3AJH,Qwirkle,25,118
4161-ljl-5448,01HQZSYXN6YFDBEX24RWT2KJ9R,01HQZS3D2QD23NXC90T5ZZ28EM,Azul,30,498
4520-zeu-5637,01HQZSYXN6YFDBEX24RWT2KJ9R,01HQZS3D2P60GAGRTJWH4R9JBX,Apples to Apples,20,253
1325-anx-1918,01HQZSYXN6YFDBEX24RWT2KJ9R,01HQZS3D32MCXQQXP35PH4F8SB,Pictionary,25,488
6377-oia-3831,01HQZSYXN6YFDBEX24RWT2KJ9R,01HQZS3D31PAKV1T9NJDHFACHF,Charades,15,211
5127-njj-9660,01HQZSYXN6YFDBEX24RWT2KJ9R,01HQZS3D2T9B3PQQ4SKRFMT7BZ,Taboo,20,106
6775-ain-4593,01HQZSYXN6YFDBEX24RWT2KJ9R,01HQZS3D3815DTK50FTT3NJAFX,Trivial Pursuit,30,125
4753-zfg-9593,01HQZSYXN6YFDBEX24RWT2KJ9R,01HQZS3D3A2ZAC180NJ1KSHZTV,Scattergories,20,224
5385-jja-5835,01HQZSYXN6YFDBEX24RWT2KJ9R,01HQZS3D32MCXQQXP35PH4F8SB,The Game of Life,25,213
5754-smk-1856,01HQZSYXN6YFDBEX24RWT2KJ9R,01HQZS3D31PAKV1T9NJDHFACHF,Jenga,15,158
6856-dnf-4781,01HQZSYXN6YFDBEX24RWT2KJ9R,01HQZS3D2NME3Y1JH0C18DN7GM,Twister,20,231
2552-hps-3203,01HQZSYXN6YFDBEX24RWT2KJ9R,01HQZS3D39BJYYXF5MY58WN6HJ,Connect Four,15,461
7576-yfg-0771,01HQZSYXN6CG9CR3D0B1XV5PG4,01HQZS3CQ81X0T0E0BE34M4P65,AeroSwift Badminton Racket,30,360
8571-bem-7452,01HQZSYXN6CG9CR3D0B1XV5PG4,01HQZS3CQFGABW03H8NB2KHH2A,PeakEndure Mountain Bike Helmet,50,212
8446-qec-1290,01HQZSYXN6CG9CR3D0B1XV5PG4,01HQZS3CPEM2A5RJ2YK5K9Z709,HydroFlow Water Bottle 1L,10,278
4674-ksy-0382,01HQZSYXN6CG9CR3D0B1XV5PG4,01HQZS3CPZ21BEXX6EM1YHKWYE,StrikeMaster Leather Boxing Gloves,40,125
6422-hrt-3329,01HQZSYXN6CG9CR3D0B1XV5PG4,01HQZS3CQ5X2NKBMSN607HDBNN,TrailBlazer GPS Outdoor Watch,80,161
8445-cct-0463,01HQZSYXN6CG9CR3D0B1XV5PG4,01HQZS3CQ3J7ECW8G0MVA42FWS,GlideTech Ice Skates Professional,60,385
3443-ehg-7292,01HQZSYXN6CG9CR3D0B1XV5PG4,01HQZS3CPFNKGAEZJ0XYDXMCYQ,SwiftDive Scuba Diving Mask,50,377
8907-mqr-2355,01HQZSYXN6CG9CR3D0B1XV5PG4,01HQZS3CPR3BYQWH8C8EYP6452,IronFlex Gym Weightlifting Belt,30,198
4397-qpb-5140,01HQZSYXN6CG9CR3D0B1XV5PG4,01HQZS3CPN6H734R3H8HPW8PXY,SpeedRacer Cycling Jersey,40,361
6880-ixz-6015,01HQZSYXN6CG9CR3D0B1XV5PG4,01HQZS3CPM40GB3G9CPG1YV640,SummitTrek Sleeping Bag -20°C,70,147
4647-fsb-6313,01HQZSYXN6CG9CR3D0B1XV5PG4,01HQZS3CPD7TYV7VMB8NGS2D0E,WaveRider Inflatable Stand-Up Paddleboard,100,258
6685-lsn-7694,01HQZSYXN6CG9CR3D0B1XV5PG4,01HQZS3CQ6SJR1SDNJK5YG4KFW,EagleEye Hunting Binoculars 10x50,60,206
5461-hdo-1481,01HQZSYXN6CG9CR3D0B1XV5PG4,01HQZS3CPHMSJA81X1EG314RV2,PowerKick Football Training Ball,20,269
9703-ccy-1936,01HQZSYXN6CG9CR3D0B1XV5PG4,01HQZS3CQ2T6AZPZ154559HFT8,MarathonElite Running Socks Compression,15,256
1556-ger-3528,01HQZSYXN6CG9CR3D0B1XV5PG4,01HQZS3CPWQXZRASSEM7C3GCVQ,ClimbPro Rock Climbing Chalk Bag,20,364
6214-use-4124,01HQZSYXN6CG9CR3D0B1XV5PG4,01HQZS3CPR3BYQWH8C8EYP6452,SprintBolt Track Spikes,50,485
0114-djo-6964,01HQZSYXN6CG9CR3D0B1XV5PG4,01HQZS3CPVK2TW65R0BXKV907X,AquaResist Swim Cap Silicone,10,298
5292-kva-0197,01HQZSYXN6CG9CR3D0B1XV5PG4,01HQZS3CQ0N4ZRRTQ0QRGZY8H0,ZenYoga Eco-Friendly Mat,20,442
0588-efs-0933,01HQZSYXN6CG9CR3D0B1XV5PG4,01HQZS3CPN6H734R3H8HPW8PXY,StrikeZone Electronic Dartboard,40,143
3871-pef-5286,01HQZSYXN6CG9CR3D0B1XV5PG4,01HQZS3CPR3BYQWH8C8EYP6452,RallyRacer Table Tennis Paddle,20,114
9717-jdk-4770,01HQZSYXN6CG9CR3D0B1XV5PG4,01HQZS3CPFNKGAEZJ0XYDXMCYQ,FitnessFusion Heart Rate Monitor,30,311
0367-est-7607,01HQZSYXN6CG9CR3D0B1XV5PG4,01HQZS3CPQ31CDV4VHHD0NWF8E,TrailGuard Hiking Poles Adjustable,40,110
4675-whm-2769,01HQZSYXN6CG9CR3D0B1XV5PG4,01HQZS3CPQ31CDV4VHHD0NWF8E,SnowPeak Ski Goggles Anti-Fog,50,330
0930-rbw-0345,01HQZSYXN6CG9CR3D0B1XV5PG4,01HQZS3CQAB3QTM3NGFEECB0DG,MuscleTech Home Gym Station,200,187
2465-tbh-3603,01HQZSYXN6CG9CR3D0B1XV5PG4,01HQZS3CQFGABW03H8NB2KHH2A,CoreBalance Stability Ball,30,439
7971-kdg-4160,01HQZSYXN6CG9CR3D0B1XV5PG4,01HQZS3CPD7TYV7VMB8NGS2D0E,SurfMaster Wetsuit Full Body,100,168
3066-kco-7337,01HQZSYXN6CG9CR3D0B1XV5PG4,01HQZS3CPM40GB3G9CPG1YV640,RhythmRide Bike Trainer Stand,80,139
5687-itk-6047,01HQZSYXN6CG9CR3D0B1XV5PG4,01HQZS3CPQ31CDV4VHHD0NWF8E,GripMaster Golf Glove Leather,20,318
5758-kty-9291,01HQZSYXN6CG9CR3D0B1XV5PG4,01HQZS3CQ0N4ZRRTQ0QRGZY8H0,EnduroPack Multi-Sport Backpack,50,119
1604-rjt-1399,01HQZSYXN6CG9CR3D0B1XV5PG4,01HQZS3CPX3GJVJXVK7SJ1SQ2G,ThriveThrust Kayak Paddle Carbon Fiber,70,398
0277-rgg-5280,01HQZSYXN6CG9CR3D0B1XV5PG4,01HQZS3CPFNKGAEZJ0XYDXMCYQ,PrecisionPutt Golf Putting Mat,40,397
4407-oui-2101,01HQZSYXN6CG9CR3D0B1XV5PG4,01HQZS3CQ5X2NKBMSN607HDBNN,CombatCore MMA Training Gloves,30,374
1954-tsa-3069,01HQZSYXN6CG9CR3D0B1XV5PG4,01HQZS3CPQ31CDV4VHHD0NWF8E,SwiftShift Bicycle Gear Shifter,50,229
3655-vhp-9567,01HQZSYXN6CG9CR3D0B1XV5PG4,01HQZS3CPFNKGAEZJ0XYDXMCYQ,FlyHigh Paragliding Harness,100,267
9106-mhl-9025,01HQZSYXN6CG9CR3D0B1XV5PG4,01HQZS3CPFNKGAEZJ0XYDXMCYQ,AquaGlide Swim Fins Short Blade,20,219
3310-osb-6992,01HQZSYXN6CG9CR3D0B1XV5PG4,01HQZS3CPEM2A5RJ2YK5K9Z709,PowerPunch Boxing Bag Stand,100,284
0605-fcw-3737,01HQZSYXN6CG9CR3D0B1XV5PG4,01HQZS3CPTFMNV5AEZGDQTKDBD,IronGrip Dumbbell Set Adjustable,150,153
0297-hfs-3609,01HQZSYXN6CG9CR3D0B1XV5PG4,01HQZS3CPN6H734R3H8HPW8PXY,SpeedShift Racing Swim Goggles,30,344
2406-rat-1518,01HQZSYXN6CG9CR3D0B1XV5PG4,01HQZS3CPM40GB3G9CPG1YV640,TrailMix Energy Gel Shots,10,433
0713-jak-6594,01HQZSYXN6CG9CR3D0B1XV5PG4,01HQZS3CPHMSJA81X1EG314RV2,BreathePure Sports Face Mask,15,258
1164-zdp-2697,01HQZSYXN6CG9CR3D0B1XV5PG4,01HQZS3CPD7TYV7VMB8NGS2D0E,CycleSync Bike Computer GPS,60,132
1333-gkv-9589,01HQZSYXN6CG9CR3D0B1XV5PG4,01HQZS3CPM40GB3G9CPG1YV640,SkyDive Parachute Lightweight,200,142
3200-rma-8031,01HQZSYXN6CG9CR3D0B1XV5PG4,01HQZS3CPWQXZRASSEM7C3GCVQ,ForceField Protective Gear Set,80,219
4565-muv-4167,01HQZSYXN6CG9CR3D0B1XV5PG4,01HQZS3CPFNKGAEZJ0XYDXMCYQ,StealthCam Trail Camera HD,120,191
6579-nfs-9056,01HQZSYXN6CG9CR3D0B1XV5PG4,01HQZS3CPJM2B601GQBYY4P7W4,RideWind Equestrian Riding Helmet,50,144
9310-erp-8590,01HQZSYXN6CG9CR3D0B1XV5PG4,01HQZS3CPR3BYQWH8C8EYP6452,DiveDeep Scuba Regulator Set,300,123
4664-hna-8608,01HQZSYXN6CG9CR3D0B1XV5PG4,01HQZS3CQ5X2NKBMSN607HDBNN,StrikeForce Tactical Flashlight,40,249
8602-afw-8584,01HQZSYXN6CG9CR3D0B1XV5PG4,01HQZS3CQ2T6AZPZ154559HFT8,OceanExplorer Snorkeling Set,80,145
9249-uky-9954,01HQZSYXN6CG9CR3D0B1XV5PG4,01HQZS3CQ2T6AZPZ154559HFT8,WindWhisper Kiteboarding Kite,100,337
2177-dzm-7776,01HQZSYXN6CG9CR3D0B1XV5PG4,01HQZS3CQ81X0T0E0BE34M4P65,MotionMaster Dance Pad Electronic,50,300
8143-oiu-6457,01HQZSYXN6Y7B8FZAJHW0AM6PC,01HQZS3D4DDX1FWD0N1G7BWAZX,QuantumCharge Fast Wireless Charger,20,183
2008-gux-6599,01HQZSYXN6Y7B8FZAJHW0AM6PC,01HQZS3D4F46G6T41N1ZPRSWVX,SoundSphere 360° Bluetooth Speaker,80,483
5251-yzt-3312,01HQZSYXN6Y7B8FZAJHW0AM6PC,01HQZS3D4ZWHRTC6GYKA9S9Y7P,PixelPro 4K Action Camera,100,484
4101-qen-2142,01HQZSYXN6Y7B8FZAJHW0AM6PC,01HQZS3D4DDX1FWD0N1G7BWAZX,CyberSecure Home Security System,200,160
3073-kht-4331,01HQZSYXN6Y7B8FZAJHW0AM6PC,01HQZS3D4GTAPQMZJNXV6YMC47,StreamCast Live Streaming Kit,150,111
3737-csa-1018,01HQZSYXN6Y7B8FZAJHW0AM6PC,01HQZS3D4WJXGYQXWF8JV1DY9J,VisionClear 4K Projector,300,106
5610-cpf-4782,01HQZSYXN6Y7B8FZAJHW0AM6PC,01HQZS3D4MNXJCYYQE3K573RTD,AirSync Drone with HD Camera,250,162
9933-zmd-6338,01HQZSYXN6Y7B8FZAJHW0AM6PC,01HQZS3D4GTAPQMZJNXV6YMC47,PhantomSound Noise-Cancelling Headphones,150,176
1414-rhl-1868,01HQZSYXN6Y7B8FZAJHW0AM6PC,01HQZS3D4ATQV5K24J84R9YWR5,SmartLight LED Bulb Color Changing,30,337
3702-cac-1127,01HQZSYXN6Y7B8FZAJHW0AM6PC,01HQZS3D555WRRVHG5RCCXGFK3,PowerVault Solar Power Bank,40,178
2942-apf-2967,01HQZSYXN6Y7B8FZAJHW0AM6PC,01HQZS3D4S11DAWG3S6339RYGF,TechGuard Smartphone Sanitizer,20,272
1605-fxt-2451,01HQZSYXN6Y7B8FZAJHW0AM6PC,01HQZS3D543D1CTXHV3Y0K6CZN,DreamView Baby Monitor with Camera,100,469
7067-cro-4380,01HQZSYXN6Y7B8FZAJHW0AM6PC,01HQZS3D4EAQJQ6D5GQKT1411E,SkyLink Satellite Messenger,80,467
7181-tkr-7335,01HQZSYXN6Y7B8FZAJHW0AM6PC,01HQZS3D4XE9PQPDQN10F3T539,InfinityStream Media Streaming Device,120,109
0561-nyb-2855,01HQZSYXN6Y7B8FZAJHW0AM6PC,01HQZS3D4YXAMVT16GS6V22NKN,PulseFit Smart Fitness Bracelet,50,417
8650-mnd-8224,01HQZSYXN6Y7B8FZAJHW0AM6PC,01HQZS3D543D1CTXHV3Y0K6CZN,EchoVoice Smart Home Assistant,80,470
8423-ijz-2053,01HQZSYXN6Y7B8FZAJHW0AM6PC,01HQZS3D50V16AAWBZYSJHR86Y,LaserJet 3D Printer Pro,400,128
9199-rry-9832,01HQZSYXN6Y7B8FZAJHW0AM6PC,01HQZS3D4KVYP2595H9S190FPS,VirtualDrive External DVD Burner,60,230
0422-xfc-0080,01HQZSYXN6Y7B8FZAJHW0AM6PC,01HQZS3D543D1CTXHV3Y0K6CZN,OmniHub USB-C Multiport Adapter,30,210
9734-yid-6261,01HQZSYXN6Y7B8FZAJHW0AM6PC,01HQZS3D4MNXJCYYQE3K573RTD,TitanTech Rugged External HDD 4TB,150,174
8832-bou-6338,01HQZSYXN6Y7B8FZAJHW0AM6PC,01HQZS3D4S11DAWG3S6339RYGF,FlexCharge 3-in-1 Charging Stand,40,218
3058-nfn-1774,01HQZSYXN6Y7B8FZAJHW0AM6PC,01HQZS3D543D1CTXHV3Y0K6CZN,QuantumSpeed Gaming Mouse,60,129
1777-eja-7307,01HQZSYXN6Y7B8FZAJHW0AM6PC,01HQZS3D4S11DAWG3S6339RYGF,SolarSense Outdoor Security Light,50,414
1204-puf-7131,01HQZSYXN6Y7B8FZAJHW0AM6PC,01HQZS3D4GTAPQMZJNXV6YMC47,NightVision Wi-Fi Camera,70,405
8272-mbx-4348,01HQZSYXN6Y7B8FZAJHW0AM6PC,01HQZS3D534RGCTX4Z3B76H8RP,SmartTherm Digital Thermometer,20,134
4909-clq-6249,01HQZSYXN6Y7B8FZAJHW0AM6PC,01HQZS3D4C5G9DVWP2W4MVY8PC,CloudCam Wireless IP Camera,60,190
4878-wck-4019,01HQZSYXN6Y7B8FZAJHW0AM6PC,01HQZS3D4YXAMVT16GS6V22NKN,NanoCast Streaming Stick,40,411
1195-jgn-1222,01HQZSYXN6Y7B8FZAJHW0AM6PC,01HQZS3D4EAQJQ6D5GQKT1411E,ElectraWave Electric Vehicle Charger,300,109
9614-gqy-0456,01HQZSYXN6Y7B8FZAJHW0AM6PC,01HQZS3D534RGCTX4Z3B76H8RP,PulseAudio Multiroom Speakers,100,238
6133-itf-1676,01HQZSYXN6Y7B8FZAJHW0AM6PC,01HQZS3D543D1CTXHV3Y0K6CZN,SmartShade Window Blinds Controller,50,465
5307-kvn-1515,01HQZSYXN6Y7B8FZAJHW0AM6PC,01HQZS3D4WJXGYQXWF8JV1DY9J,FlashForge Filament 3D Printer,80,343
8441-bbn-7350,01HQZSYXN6Y7B8FZAJHW0AM6PC,01HQZS3D4VN9J2NREVEXKD4Z88,GalaxyGaze Telescope with App,150,173
3140-wio-0634,01HQZSYXN6Y7B8FZAJHW0AM6PC,01HQZS3D4DDX1FWD0N1G7BWAZX,OmniSound Surround Sound Bar,120,110
3745-lgu-3470,01HQZSYXN6Y7B8FZAJHW0AM6PC,01HQZS3D4Q0X8KR9XAJNZSJEKF,CyberLink Universal Remote,40,168
5004-grt-3216,01HQZSYXN6Y7B8FZAJHW0AM6PC,01HQZS3D4RW4T7TM9VVYZ998YY,SkyScan Weather Station,70,170
9089-nxl-3163,01HQZSYXN6Y7B8FZAJHW0AM6PC,01HQZS3D4C5G9DVWP2W4MVY8PC,QuickConnect Smart Door Lock,100,405
5812-pkg-5306,01HQZSYXN6Y7B8FZAJHW0AM6PC,01HQZS3D4ATQV5K24J84R9YWR5,UltraView Desktop Magnifying Glass,20,147
8351-ivm-4157,01HQZSYXN6Y7B8FZAJHW0AM6PC,01HQZS3D4BJX5HERBX9MKY963Q,CodeKey Mechanical Keyboard,60,350
6593-pqv-4477,01HQZSYXN6Y7B8FZAJHW0AM6PC,01HQZS3D4BJX5HERBX9MKY963Q,MotionSense Wireless Game Controller,50,380
0234-qgs-5238,01HQZSYXN6Y7B8FZAJHW0AM6PC,01HQZS3D4S11DAWG3S6339RYGF,SmartBrew Coffee Maker with App,80,304
7947-fcj-9190,01HQZSYXN6Y7B8FZAJHW0AM6PC,01HQZS3D4DDX1FWD0N1G7BWAZX,EchoWave Smart Ring,50,145
0540-tbu-5383,01HQZSYXN6Y7B8FZAJHW0AM6PC,01HQZS3D555WRRVHG5RCCXGFK3,PowerStream Live Capture Card,100,244
5383-tmj-6989,01HQZSYXN6Y7B8FZAJHW0AM6PC,01HQZS3D4NP2WTHAXBKW0VXWQ8,NightFly Drone Night Vision,150,141
3554-kvd-3316,01HQZSYXN6Y7B8FZAJHW0AM6PC,01HQZS3D4H3A1H089QGEEXZJ6Y,SolarFlare Emergency Hand Crank Radio,30,429
5768-zqs-8084,01HQZSYXN6Y7B8FZAJHW0AM6PC,01HQZS3D4YXAMVT16GS6V22NKN,TechTrek GPS Tracker,40,461
2209-ikv-4853,01HQZSYXN6Y7B8FZAJHW0AM6PC,01HQZS3D4WJXGYQXWF8JV1DY9J,OmniCharge Backpack with Built-in Battery,100,339
0516-ioz-0408,01HQZSYXN6Y7B8FZAJHW0AM6PC,01HQZS3D4BJX5HERBX9MKY963Q,PulseMeter Heart Rate Monitor Earbuds,70,398
2440-yof-3793,01HQZSYXN6Y7B8FZAJHW0AM6PC,01HQZS3D4C5G9DVWP2W4MVY8PC,CyberScan Fingerprint USB Drive,50,455
5187-oki-9701,01HQZSYXN6Y7B8FZAJHW0AM6PC,01HQZS3D4ZWHRTC6GYKA9S9Y7P,QuantumLeap Virtual Reality Headset,200,137
8804-pud-9321,01HQZSYXN6Y7B8FZAJHW0AM6PC,01HQZS3D4H3A1H089QGEEXZJ6Y,AeroCool Portable Air Conditioner,300,102
2506-hvw-8118,01HQZSYXN577K9HSBRRVY2QSMT,01HQZS3D2VRT76HB7JA5JGBVY9,DoodleDreams Washable Markers,10,376
7022-gaq-2287,01HQZSYXN577K9HSBRRVY2QSMT,01HQZS3D3A2ZAC180NJ1KSHZTV,LittleLearner Educational Tablet,30,376
6952-odv-2994,01HQZSYXN577K9HSBRRVY2QSMT,01HQZS3D2NME3Y1JH0C18DN7GM,PuzzlePalooza Wooden Jigsaw Set,20,476
4892-hdm-7907,01HQZSYXN577K9HSBRRVY2QSMT,01HQZS3D35MA6H73E7G611YGGA,StoryTime Interactive Books,40,211
5591-vyk-1222,01HQZSYXN577K9HSBRRVY2QSMT,01HQZS3D2NME3Y1JH0C18DN7GM,MagicMeadow Play Tent,50,217
8700-tty-7294,01HQZSYXN577K9HSBRRVY2QSMT,01HQZS3D30SYGCS0QWFHAFKWP8,BuildBright Construction Blocks,15,232
9187-mhv-1505,01HQZSYXN577K9HSBRRVY2QSMT,01HQZS3D3A2ZAC180NJ1KSHZTV,DinoDiscover Prehistoric Playset,25,423
4286-caz-8482,01HQZSYXN577K9HSBRRVY2QSMT,01HQZS3D2JCXJ0GKKPY6JT5RMM,WonderWheels Miniature Car Collection,10,459
2342-ewq-7199,01HQZSYXN577K9HSBRRVY2QSMT,01HQZS3D2VRT76HB7JA5JGBVY9,SkySailor Paper Airplane Kit,10,122
0749-mak-5457,01HQZSYXN577K9HSBRRVY2QSMT,01HQZS3D2S0HJ8PC9D8PS9GVGG,PirateQuest Treasure Hunt Game,20,218
1825-zhd-6028,01HQZSYXN577K9HSBRRVY2QSMT,01HQZS3D2KXS6WNSV8PVMVA6WK,FairyFrost Glitter Tattoo Kit,15,175
8301-mvp-2694,01HQZSYXN577K9HSBRRVY2QSMT,01HQZS3D2S0HJ8PC9D8PS9GVGG,JuniorGenius Science Lab Set,30,489
0589-lna-6230,01HQZSYXN577K9HSBRRVY2QSMT,01HQZS3D2M7MHJYH3CJZG7NXBY,MysticMermaids Bath Toy Set,20,210
2341-cwo-5270,01HQZSYXN577K9HSBRRVY2QSMT,01HQZS3D2JCXJ0GKKPY6JT5RMM,SpaceScout Rocket Launcher,15,282
1555-aqr-5678,01HQZSYXN577K9HSBRRVY2QSMT,01HQZS3D345X3ZMEFQD17F972B,DreamDoodle Chalkboard Mat,10,244
2271-ftz-3827,01HQZSYXN577K9HSBRRVY2QSMT,01HQZS3D2M7MHJYH3CJZG7NXBY,LittleChef Cooking Playset,20,444
2693-tkc-1522,01HQZSYXN577K9HSBRRVY2QSMT,01HQZS3D37TG8J8QEYMQ264V9G,SuperSleuth Detective Kit,15,452
3809-utw-0451,01HQZSYXN577K9HSBRRVY2QSMT,01HQZS3D2KXS6WNSV8PVMVA6WK,WildWest Cowboy Costume,25,170
7015-qfn-2189,01HQZSYXN577K9HSBRRVY2QSMT,01HQZS3D39BJYYXF5MY58WN6HJ,AquaAdventure Water Table,30,178
7867-okf-3504,01HQZSYXN577K9HSBRRVY2QSMT,01HQZS3D39BJYYXF5MY58WN6HJ,BrightBeads Jewelry Making Kit,15,317
2853-jlq-7532,01HQZSYXN577K9HSBRRVY2QSMT,01HQZS3D2P60GAGRTJWH4R9JBX,DaringDragon Fantasy Figure,10,432
0292-pbe-7074,01HQZSYXN577K9HSBRRVY2QSMT,01HQZS3D2VRT76HB7JA5JGBVY9,EcoExplorer Nature Kit,20,299
8478-yph-9561,01HQZSYXN577K9HSBRRVY2QSMT,01HQZS3D2JCXJ0GKKPY6JT5RMM,TinyTunes Musical Instruments Set,15,226
4592-rbo-9434,01HQZSYXN577K9HSBRRVY2QSMT,01HQZS3D3815DTK50FTT3NJAFX,StarGazer Telescope for Kids,40,366
1383-rrc-1637,01HQZSYXN577K9HSBRRVY2QSMT,01HQZS3D30SYGCS0QWFHAFKWP8,MightyMotors Remote Control Truck,20,297
6828-jch-0809,01HQZSYXN577K9HSBRRVY2QSMT,01HQZS3D3815DTK50FTT3NJAFX,PrincessPalace Dollhouse,50,275
7058-uyb-3591,01HQZSYXN577K9HSBRRVY2QSMT,01HQZS3D2H59D34ZDE35GYX6X8,ActionHeroes Figurine Collection,30,329
7642-aty-2112,01HQZSYXN577K9HSBRRVY2QSMT,01HQZS3D345X3ZMEFQD17F972B,RainbowRacer Balance Bike,40,265
2435-xxj-6818,01HQZSYXN577K9HSBRRVY2QSMT,01HQZS3D2JCXJ0GKKPY6JT5RMM,BuildABot Robotics Kit,60,312
9576-auq-9362,01HQZSYXN577K9HSBRRVY2QSMT,01HQZS3D2QD23NXC90T5ZZ28EM,KiddieCrafter Sewing Set,20,432
1245-gry-8852,01HQZSYXN577K9HSBRRVY2QSMT,01HQZS3D2QD23NXC90T5ZZ28EM,MiniMasterpiece Painting Set,15,336
7528-nii-6646,01HQZSYXN577K9HSBRRVY2QSMT,01HQZS3D31PAKV1T9NJDHFACHF,LaughLearn Storybook Projector,30,467
3268-pfi-8593,01HQZSYXN577K9HSBRRVY2QSMT,01HQZS3D345X3ZMEFQD17F972B,BubbleBlasters Giant Bubble Wand,10,286
8697-hpj-0186,01HQZSYXN577K9HSBRRVY2QSMT,01HQZS3D39BJYYXF5MY58WN6HJ,Speedster Sports Car Bed,50,396
7935-xeu-9082,01HQZSYXN577K9HSBRRVY2QSMT,01HQZS3D2NME3Y1JH0C18DN7GM,JungleJim Climbing Frame,80,401
9937-lli-0710,01HQZSYXN577K9HSBRRVY2QSMT,01HQZS3D3CT1C9METRW0Y254P1,OceanOdyssey Aquarium Playset,40,267
4044-lgj-4517,01HQZSYXN577K9HSBRRVY2QSMT,01HQZS3D334KNTBZE44YMYQQPX,CastleKingdom Building Blocks,30,371
9969-zrz-9014,01HQZSYXN577K9HSBRRVY2QSMT,01HQZS3D2S0HJ8PC9D8PS9GVGG,GalacticGuardians Comic Book Series,20,384
3293-lpd-7271,01HQZSYXN577K9HSBRRVY2QSMT,01HQZS3D30SYGCS0QWFHAFKWP8,AdventureIsland Board Game,25,253
9210-sze-7668,01HQZSYXN577K9HSBRRVY2QSMT,01HQZS3D35MA6H73E7G611YGGA,ZoomZoom Race Track,20,267
3423-yev-9658,01HQZSYXN577K9HSBRRVY2QSMT,01HQZS3D2WV6YFD004H8JPH2XP,SnuggleBuddies Plush Toy Collection,15,101
8881-anv-9715,01HQZSYXN577K9HSBRRVY2QSMT,01HQZS3D2Y46H6A0H6Y4CH3AJH,BrainBooster Puzzle Pack,10,247
9407-llw-3761,01HQZSYXN577K9HSBRRVY2QSMT,01HQZS3D30SYGCS0QWFHAFKWP8,KnightQuest Play Armor Set,20,188
2482-dmu-4302,01HQZSYXN577K9HSBRRVY2QSMT,01HQZS3D31PAKV1T9NJDHFACHF,LittleLibrary Classic Children's Books,30,141
3154-bad-2032,01HQZSYXN577K9HSBRRVY2QSMT,01HQZS3D3BVAG32KAQNJN2TPAN,DazzleDance Dress Up Trunk,25,312
9731-ebu-0393,01HQZSYXN577K9HSBRRVY2QSMT,01HQZS3D2T9B3PQQ4SKRFMT7BZ,MonsterMashers Toy Truck,15,247
3478-jsm-1684,01HQZSYXN577K9HSBRRVY2QSMT,01HQZS3D334KNTBZE44YMYQQPX,SafariSeekers Animal Figures,20,171
4431-maz-3227,01HQZSYXN577K9HSBRRVY2QSMT,01HQZS3D35MA6H73E7G611YGGA,RainbowBrite Art Easel,20,432
2546-zqi-0743,01HQZSYXN577K9HSBRRVY2QSMT,01HQZS3D2VRT76HB7JA5JGBVY9,PiratePlanks Wooden Ship Model,20,245
4124-tmd-3393,01HQZSYXN577K9HSBRRVY2QSMT,01HQZS3D2Y46H6A0H6Y4CH3AJH,FantasyFlyers RC Dragons,50,208
6040-ghw-5502,01HQZSYXN7EQ2BMKM5RZH0274J,01HQZS3CRD0999E0F4YAZESNNE,TurboTech Performance Chip,100,336
6267-fgh-3542,01HQZSYXN7EQ2BMKM5RZH0274J,01HQZS3CR4PK6ENZKKF6TF2H92,NightVision LED Headlights,80,156
8315-epg-2644,01HQZSYXN7EQ2BMKM5RZH0274J,01HQZS3CR4PK6ENZKKF6TF2H92,AeroFlow Car Air Purifier,60,247
6861-xer-7360,01HQZSYXN7EQ2BMKM5RZH0274J,01HQZS3CQW29HTWCDH61X0BYSZ,SecureSafe Dash Cam Pro,120,113
0582-njw-1468,01HQZSYXN7EQ2BMKM5RZH0274J,01HQZS3CQR02HCWYDB2P04PZT7,PowerPulse Jump Starter,150,122
6313-xpu-0435,01HQZSYXN7EQ2BMKM5RZH0274J,01HQZS3CQYE6BXF87DFDT1SG02,UltraGlide Synthetic Motor Oil,40,358
8346-miw-3611,01HQZSYXN7EQ2BMKM5RZH0274J,01HQZS3CQK95X8HXP9BDR048XT,ClearSight Rearview Camera System,100,281
6953-qfv-0223,01HQZSYXN7EQ2BMKM5RZH0274J,01HQZS3CR8AH850C2W9778H1CN,ArmorShell Car Cover,80,198
0934-mqs-3414,01HQZSYXN7EQ2BMKM5RZH0274J,01HQZS3CR8AH850C2W9778H1CN,BrightPath GPS Navigation System,200,123
7487-tha-3086,01HQZSYXN7EQ2BMKM5RZH0274J,01HQZS3CR9HP5JSDSTRYYSV8KJ,SoundSurge Car Audio Amplifier,150,124
7555-nfd-6323,01HQZSYXN7EQ2BMKM5RZH0274J,01HQZS3CRBAA6BXFSTDAJ9FHWS,StealthTracker GPS Anti-Theft Device,100,239
0276-xey-7001,01HQZSYXN7EQ2BMKM5RZH0274J,01HQZS3CQYE6BXF87DFDT1SG02,CoolComfort Seat Covers,60,459
0130-qgr-1333,01HQZSYXN7EQ2BMKM5RZH0274J,01HQZS3CQJG9316N98D8DQZQYX,RimRevolver Wheel Cleaner,30,466
9421-iam-9569,01HQZSYXN7EQ2BMKM5RZH0274J,01HQZS3CQYE6BXF87DFDT1SG02,ShadowShield Window Tint Film,50,196
3396-myr-1546,01HQZSYXN7EQ2BMKM5RZH0274J,01HQZS3CR744P1BVEHXJQA4MC4,EngineEmpower Fuel Optimizer,80,374
4533-ksz-3288,01HQZSYXN7EQ2BMKM5RZH0274J,01HQZS3CQMNKX2BYH45BATHM8M,AeroWing Vehicle Spoiler,120,171
5739-ecj-1266,01HQZSYXN7EQ2BMKM5RZH0274J,01HQZS3CR053VNG7P8QQW6KPXP,SparkMax Ignition Coils,70,312
7245-krj-4021,01HQZSYXN7EQ2BMKM5RZH0274J,01HQZS3CRAERS4JCWY5M4KE70C,RoadRanger All-Terrain Tires,200,139
6924-rzh-8815,01HQZSYXN7EQ2BMKM5RZH0274J,01HQZS3CR053VNG7P8QQW6KPXP,FlexFit Custom Floor Mats,50,394
6528-ofu-0003,01HQZSYXN7EQ2BMKM5RZH0274J,01HQZS3CQMNKX2BYH45BATHM8M,MirrorMagic Blind Spot Mirrors,40,271
0375-nvf-8308,01HQZSYXN7EQ2BMKM5RZH0274J,01HQZS3CQK95X8HXP9BDR048XT,CargoCommander Trunk Organizer,60,319
8946-ozu-2000,01HQZSYXN7EQ2BMKM5RZH0274J,01HQZS3CQNJG74KGJ2FP26A5MD,ShineMaster Detailing Kit,70,424
6165-bdv-0417,01HQZSYXN7EQ2BMKM5RZH0274J,01HQZS3CQK95X8HXP9BDR048XT,BrakeBoss Performance Brakes,150,197
5265-tsp-6217,01HQZSYXN7EQ2BMKM5RZH0274J,01HQZS3CQW29HTWCDH61X0BYSZ,PowerShift Transmission Fluid,50,462
4121-wtz-1515,01HQZSYXN7EQ2BMKM5RZH0274J,01HQZS3CQJG9316N98D8DQZQYX,ClimateControl Electronic Thermostat,100,126
1652-iub-4740,01HQZSYXN7EQ2BMKM5RZH0274J,01HQZS3CR744P1BVEHXJQA4MC4,VoltVault Battery Booster,80,183
0245-rwt-4408,01HQZSYXN7EQ2BMKM5RZH0274J,01HQZS3CQX6HY0H99WH1ZA7F0D,GripGuard Steering Wheel Cover,30,176
1434-okm-2013,01HQZSYXN7EQ2BMKM5RZH0274J,01HQZS3CQNJG74KGJ2FP26A5MD,SoundBarrier Noise Reduction Kit,50,475
4319-ntd-9112,01HQZSYXN7EQ2BMKM5RZH0274J,01HQZS3CR8AH850C2W9778H1CN,ClearView Windshield Repair Kit,20,122
2257-gvw-8812,01HQZSYXN7EQ2BMKM5RZH0274J,01HQZS3CRBAA6BXFSTDAJ9FHWS,SpeedSync Performance Throttle Controller,80,425
4553-tdm-7298,01HQZSYXN7EQ2BMKM5RZH0274J,01HQZS3CR4PK6ENZKKF6TF2H92,ArmorPlate Bumper Guard,100,499
6425-upt-8662,01HQZSYXN7EQ2BMKM5RZH0274J,01HQZS3CR8AH850C2W9778H1CN,TrailTracker Off-Road Lights,120,172
8929-yyg-4614,01HQZSYXN7EQ2BMKM5RZH0274J,01HQZS3CQYE6BXF87DFDT1SG02,MotionSense Car Alarm System,150,113
8863-ezo-6148,01HQZSYXN7EQ2BMKM5RZH0274J,01HQZS3CR744P1BVEHXJQA4MC4,EcoDrive Fuel Saver,50,464
7655-wvx-5146,01HQZSYXN7EQ2BMKM5RZH0274J,01HQZS3CQW29HTWCDH61X0BYSZ,RoadComfort Suspension Kit,200,112
7410-sia-7322,01HQZSYXN7EQ2BMKM5RZH0274J,01HQZS3CR8AH850C2W9778H1CN,TireTraction Snow Chains,80,416
6468-qoc-5156,01HQZSYXN7EQ2BMKM5RZH0274J,01HQZS3CQW29HTWCDH61X0BYSZ,SparkleShine Car Wash Soap,20,174
2641-eev-1905,01HQZSYXN7EQ2BMKM5RZH0274J,01HQZS3CQP16MJ98GB8ATYVQ0X,AirMax High-Flow Air Filter,40,281
7925-izj-7750,01HQZSYXN7EQ2BMKM5RZH0274J,01HQZS3CQVQPXMYMXX38A5VTFK,NanoCoat Paint Protection Spray,30,405
2743-aoi-8965,01HQZSYXN7EQ2BMKM5RZH0274J,01HQZS3CQVQPXMYMXX38A5VTFK,DashDazzle Cleaning Wipes,10,390
5039-rqs-9413,01HQZSYXN7EQ2BMKM5RZH0274J,01HQZS3CR9HP5JSDSTRYYSV8KJ,LeatherLux Seat Conditioner,20,225
8246-kiq-5389,01HQZSYXN7EQ2BMKM5RZH0274J,01HQZS3CR4PK6ENZKKF6TF2H92,EngineRevive Oil Additive,30,156
1523-yxc-6550,01HQZSYXN7EQ2BMKM5RZH0274J,01HQZS3CRAERS4JCWY5M4KE70C,BrightBeam Fog Lamps,60,438
4469-bnx-7059,01HQZSYXN7EQ2BMKM5RZH0274J,01HQZS3CQR02HCWYDB2P04PZT7,CoolWave Radiator Cooler,100,198
0628-bnx-8702,01HQZSYXN7EQ2BMKM5RZH0274J,01HQZS3CR3400X8M8H1S4FGH32,GearGrip Manual Shifter Enhancer,40,301
3779-vli-9051,01HQZSYXN7EQ2BMKM5RZH0274J,01HQZS3CQJG9316N98D8DQZQYX,PowerPort Dual USB Charger,20,242
6292-kze-2799,01HQZSYXN7EQ2BMKM5RZH0274J,01HQZS3CRAERS4JCWY5M4KE70C,AeroDynamic Roof Rack,150,183
2794-ttg-7186,01HQZSYXN7EQ2BMKM5RZH0274J,01HQZS3CRD0999E0F4YAZESNNE,WheelWax Alloy Shine,20,371
1156-hve-6613,01HQZSYXN7EQ2BMKM5RZH0274J,01HQZS3CRD0999E0F4YAZESNNE,VisionXenon HID Headlight Kit,80,270
1134-wzt-0136,01HQZSYXN7EQ2BMKM5RZH0274J,01HQZS3CQST45Z0ACG1TY3YXM9,SoundStream Bluetooth Receiver,40,233
5500-xqv-8784,01HQZSYXN28M6P8R3N3Y74SSF1,01HQZS3D345X3ZMEFQD17F972B,WhisperingWinds: A Journey Through Nature's Mysteries,15,243
0824-dfj-0089,01HQZSYXN28M6P8R3N3Y74SSF1,01HQZS3D30SYGCS0QWFHAFKWP8,Starlight Chronicles: Galactic Adventures Series,20,262
7566-itc-2644,01HQZSYXN28M6P8R3N3Y74SSF1,01HQZS3D2Y46H6A0H6Y4CH3AJH,TimeTangled: Historical Fiction Masterpieces,25,436
7130-jsf-8612,01HQZSYXN28M6P8R3N3Y74SSF1,01HQZS3D39BJYYXF5MY58WN6HJ,LaughOutLoud: The Ultimate Comedy Collection,30,393
0591-zgr-7662,01HQZSYXN28M6P8R3N3Y74SSF1,01HQZS3D2Y46H6A0H6Y4CH3AJH,DeepDive: Oceanography for Young Explorers,20,288
9015-adc-3546,01HQZSYXN28M6P8R3N3Y74SSF1,01HQZS3D2T9B3PQQ4SKRFMT7BZ,MindMatters: Psychology for Beginners,25,486
9865-xsg-3492,01HQZSYXN28M6P8R3N3Y74SSF1,01HQZS3D37TG8J8QEYMQ264V9G,CodeCrafters: Programming Puzzles & Challenges,30,328
3769-jmk-4092,01HQZSYXN28M6P8R3N3Y74SSF1,01HQZS3D2X37JPVQKEW3YN03F1,GreenThumb Guides: Organic Gardening Essentials,25,251
9569-yvz-8763,01HQZSYXN28M6P8R3N3Y74SSF1,01HQZS3D2T9B3PQQ4SKRFMT7BZ,ArtisanArts: DIY Crafts for Creative Minds,20,128
0556-hna-3720,01HQZSYXN28M6P8R3N3Y74SSF1,01HQZS3D2M7MHJYH3CJZG7NXBY,FitnessForward: A Modern Approach to Health & Wellness,30,408
6642-bxl-7360,01HQZSYXN28M6P8R3N3Y74SSF1,01HQZS3D2VRT76HB7JA5JGBVY9,CulinaryCreations: World Cuisine Made Easy,25,441
8048-xgv-8427,01HQZSYXN28M6P8R3N3Y74SSF1,01HQZS3D2NME3Y1JH0C18DN7GM,MysteryManor: Detective Stories for Kids,20,377
4512-wmv-2401,01HQZSYXN28M6P8R3N3Y74SSF1,01HQZS3D2S0HJ8PC9D8PS9GVGG,QuantumQuests: Exploring the Wonders of Physics,25,145
3146-eot-3947,01HQZSYXN28M6P8R3N3Y74SSF1,01HQZS3D2T9B3PQQ4SKRFMT7BZ,HeroicHistories: Legends of the Past,30,174
6890-xvg-0361,01HQZSYXN28M6P8R3N3Y74SSF1,01HQZS3D2Y46H6A0H6Y4CH3AJH,SolarSystems: An Astronomical Adventure,40,225
2490-nyp-0043,01HQZSYXN28M6P8R3N3Y74SSF1,01HQZS3D3A2ZAC180NJ1KSHZTV,PoeticPassages: A Collection of Inspiring Verses,20,239
2245-msn-4273,01HQZSYXN28M6P8R3N3Y74SSF1,01HQZS3D3815DTK50FTT3NJAFX,BrainGames: Logic Puzzles for Sharp Minds,15,492
9251-vpd-6613,01HQZSYXN28M6P8R3N3Y74SSF1,01HQZS3D2JCXJ0GKKPY6JT5RMM,EcoWarriors: Saving the Planet One Step at a Time,25,423
3460-hed-0609,01HQZSYXN28M6P8R3N3Y74SSF1,01HQZS3D2S0HJ8PC9D8PS9GVGG,MythicalRealms: Fantasy Tales of Magic and Adventure,30,393
5751-hoj-2659,01HQZSYXN28M6P8R3N3Y74SSF1,01HQZS3D2WV6YFD004H8JPH2XP,TechTrends: Innovations Shaping Our Future,35,430
5960-rcb-6909,01HQZSYXN28M6P8R3N3Y74SSF1,01HQZS3D2M7MHJYH3CJZG7NXBY,AncientArchitects: Exploring the World's Wonders,40,153
8024-oym-5214,01HQZSYXN28M6P8R3N3Y74SSF1,01HQZS3D2KXS6WNSV8PVMVA6WK,RebelWriters: The Literature of Change,30,487
0037-yel-1281,01HQZSYXN28M6P8R3N3Y74SSF1,01HQZS3D32MCXQQXP35PH4F8SB,PuzzleParadise: Brain-Teasing Adventures,20,206
9688-mpk-5837,01HQZSYXN28M6P8R3N3Y74SSF1,01HQZS3D2QD23NXC90T5ZZ28EM,DreamDesigners: Inside the Minds of Architects,25,112
3409-nno-4596,01HQZSYXN28M6P8R3N3Y74SSF1,01HQZS3D2P60GAGRTJWH4R9JBX,WildWorlds: Unbelievable Animal Facts,20,423
9505-pox-5196,01HQZSYXN28M6P8R3N3Y74SSF1,01HQZS3D3CT1C9METRW0Y254P1,SpaceSailors: The New Age of Exploration,30,138
6819-eky-5909,01HQZSYXN28M6P8R3N3Y74SSF1,01HQZS3D35MA6H73E7G611YGGA,MindfulMoments: Practices for Peace and Presence,20,219
0277-fpm-3649,01HQZSYXN28M6P8R3N3Y74SSF1,01HQZS3D2Y46H6A0H6Y4CH3AJH,SecretSocieties: History's Mysteries Unveiled,25,156
5050-qrd-3961,01HQZSYXN28M6P8R3N3Y74SSF1,01HQZS3D39BJYYXF5MY58WN6HJ,ActionAthletes: Sports Stars Who Changed the Game,30,406
2295-osw-6569,01HQZSYXN28M6P8R3N3Y74SSF1,01HQZS3D30SYGCS0QWFHAFKWP8,DaringDetectives: Classic Crime Solving,25,468
0990-smh-1351,01HQZSYXN28M6P8R3N3Y74SSF1,01HQZS3D35MA6H73E7G611YGGA,PhantomPirates: Adventures on the High Seas,30,324
9214-clw-5346,01HQZSYXN28M6P8R3N3Y74SSF1,01HQZS3D2P60GAGRTJWH4R9JBX,MagicalMystics: Tales of Sorcery and Spellcraft,35,244
9784-bxl-0707,01HQZSYXN28M6P8R3N3Y74SSF1,01HQZS3D2KXS6WNSV8PVMVA6WK,InnovateInspire: The Entrepreneurs' Handbook,40,237
4666-okg-3237,01HQZSYXN28M6P8R3N3Y74SSF1,01HQZS3D2VRT76HB7JA5JGBVY9,FearlessFrontiers: Explorers Who Dared to Discover,45,426
5475-wkm-0148,01HQZSYXN28M6P8R3N3Y74SSF1,01HQZS3D3815DTK50FTT3NJAFX,RebelRenaissance: Art that Broke the Rules,35,328
0920-olh-0454,01HQZSYXN28M6P8R3N3Y74SSF1,01HQZS3D2Y46H6A0H6Y4CH3AJH,CyberCiphers: The World of Cryptography,30,318
6830-vps-0823,01HQZSYXN28M6P8R3N3Y74SSF1,01HQZS3D2T9B3PQQ4SKRFMT7BZ,LostLegends: Forgotten Folklore from Around the World,25,109
1650-gsu-1170,01HQZSYXN28M6P8R3N3Y74SSF1,01HQZS3D30SYGCS0QWFHAFKWP8,FutureFiction: Sci-Fi Stories of Tomorrow,35,325
9689-ltj-8869,01HQZSYXN28M6P8R3N3Y74SSF1,01HQZS3D2P60GAGRTJWH4R9JBX,PeacefulPoets: Voices for a Better World,30,290
8056-zhg-1777,01HQZSYXN28M6P8R3N3Y74SSF1,01HQZS3D2KXS6WNSV8PVMVA6WK,DynamicDinosaurs: Prehistoric World Revealed,20,267
9434-pje-4820,01HQZSYXN28M6P8R3N3Y74SSF1,01HQZS3D2NME3Y1JH0C18DN7GM,KnightlyKnaves: Medieval Tales of Valor,25,203
7111-cez-2845,01HQZSYXN28M6P8R3N3Y74SSF1,01HQZS3D2Y46H6A0H6Y4CH3AJH,CosmicComics: Graphic Novels Beyond Imagination,30,209
8425-ear-7345,01HQZSYXN28M6P8R3N3Y74SSF1,01HQZS3D2JCXJ0GKKPY6JT5RMM,SurvivalStrategies: Thriving in the Wild,25,347
4319-res-0863,01HQZSYXN28M6P8R3N3Y74SSF1,01HQZS3D2X37JPVQKEW3YN03F1,EnchantedEmpires: Historical Fantasy Epics,30,409
5633-cfv-5549,01HQZSYXN28M6P8R3N3Y74SSF1,01HQZS3D334KNTBZE44YMYQQPX,VisionaryVoyages: Travel Literature for the Soul,35,438
8893-ear-7142,01HQZSYXN28M6P8R3N3Y74SSF1,01HQZS3D35MA6H73E7G611YGGA,BattleBrave: War Stories of Heroism,40,410
3477-yvf-4024,01HQZSYXN28M6P8R3N3Y74SSF1,01HQZS3D2Y46H6A0H6Y4CH3AJH,ChillingChronicles: Horror Stories to Keep You Up,35,275
1877-dej-2959,01HQZSYXN28M6P8R3N3Y74SSF1,01HQZS3D30SYGCS0QWFHAFKWP8,MindExpanders: Books That Make You Think,30,281
7517-jyt-8823,01HQZSYXN28M6P8R3N3Y74SSF1,01HQZS3D2P60GAGRTJWH4R9JBX,LaughLines: Humorous Quips and Quotes,20,209
0793-kty-2149,01HQZSYXN28M6P8R3N3Y74SSF1,01HQZS3D31PAKV1T9NJDHFACHF,PuzzleMasters: The Art of Solving Mysteries,30,257
1795-vmr-7994,01HQZSYXN5D9YD5YEVE62CZY5T,01HQZS3CWAANK3HMDV70KFNRTE,Twilight Sparkle Diamond Necklace,1000,99
4167-txt-7018,01HQZSYXN5D9YD5YEVE62CZY5T,01HQZS3CWJ78WS3HD0JNXH48B2,Celestial Silver Moon Earrings,500,136
7186-iqp-3312,01HQZSYXN5D9YD5YEVE62CZY5T,01HQZS3CW8WBEA35BF0301YBQH,Enchanted Emerald Ring Set,800,76
7517-aqr-0599,01HQZSYXN5D9YD5YEVE62CZY5T,01HQZS3CWZHFSKYE6SK93G6A1R,Ocean's Heart Sapphire Bracelet,600,90
6833-dgu-4848,01HQZSYXN5D9YD5YEVE62CZY5T,01HQZS3CW6FRF2TA0JEFE81M9Y,Aurora Opal Pendant,700,60
2030-esp-0758,01HQZSYXN5D9YD5YEVE62CZY5T,01HQZS3CW7SPJJ6JW42YSCXBYJ,Mystic Topaz Charm Anklet,300,126
4486-skk-9961,01HQZSYXN5D9YD5YEVE62CZY5T,01HQZS3CWE0TSZ9VX43EC2EYYQ,Royal Ruby Brooch Collection,900,67
1256-xte-2795,01HQZSYXN5D9YD5YEVE62CZY5T,01HQZS3CW10CQREBMW37942HA2,Golden Sunbeam Studs,400,187
2959-zkw-4906,01HQZSYXN5D9YD5YEVE62CZY5T,01HQZS3CW5GFFETWQH4RCZNJRP,Infinity Pearl Choker,600,62
6893-fpo-3635,01HQZSYXN5D9YD5YEVE62CZY5T,01HQZS3CW3JJZPTVRQDB2HNHSD,Starlight Meteorite Cufflinks,800,88
2852-bac-2395,01HQZSYXN5D9YD5YEVE62CZY5T,01HQZS3CWQN6170B0Z442WC839,Phoenix Fire Garnet Tiara,1000,50
7331-ncg-7353,01HQZSYXN5D9YD5YEVE62CZY5T,01HQZS3CWBED381WTDVWANQCMN,Venus Rose Quartz Bangle,300,100
6393-yfu-6837,01HQZSYXN5D9YD5YEVE62CZY5T,01HQZS3CWE0TSZ9VX43EC2EYYQ,Lunar Locket in Sterling Silver,500,100
8728-ytk-0633,01HQZSYXN5D9YD5YEVE62CZY5T,01HQZS3CX4WWH58S0K7W01YGZP,Zodiac Signet Rings,200,146
2860-qyu-0188,01HQZSYXN5D9YD5YEVE62CZY5T,01HQZS3CWQN6170B0Z442WC839,Harmony Amethyst Hairpin,400,194
7911-lpx-2045,01HQZSYXN5D9YD5YEVE62CZY5T,01HQZS3CX6C1KD0YZQ8P98KFCS,Whispering Willow Leaf Bracelet,200,180
8698-dbt-5786,01HQZSYXN5D9YD5YEVE62CZY5T,01HQZS3CWDTDE60B5MFBTGE556,Eternal Flame Citrine Necklace,600,70
9990-wdo-3975,01HQZSYXN5D9YD5YEVE62CZY5T,01HQZS3CX1P8VKV2D4T7VT4XDP,Oceanic Blue Larimar Earrings,300,177
6047-yuv-5825,01HQZSYXN5D9YD5YEVE62CZY5T,01HQZS3CWQN6170B0Z442WC839,Secret Garden Floral Ring,400,128
9045-qud-1232,01HQZSYXN5D9YD5YEVE62CZY5T,01HQZS3CWP4SM35H35PGCBJEFE,Dreamcatcher Feather Pendant,200,188
0379-dow-0991,01HQZSYXN5D9YD5YEVE62CZY5T,01HQZS3CW7SPJJ6JW42YSCXBYJ,Solstice Sunstone Anklet,300,145
9220-ceo-8879,01HQZSYXN5D9YD5YEVE62CZY5T,01HQZS3CW7SPJJ6JW42YSCXBYJ,Nightshade Black Onyx Bracelet,500,164
5808-vol-9452,01HQZSYXN5D9YD5YEVE62CZY5T,01HQZS3CWV62DX1HG76SE3WF30,Radiant Raindrop Aquamarine Earrings,400,187
2903-gvx-2182,01HQZSYXN5D9YD5YEVE62CZY5T,01HQZS3CW10CQREBMW37942HA2,Celestial Navigation Compass Necklace,700,77
1793-zvp-8869,01HQZSYXN5D9YD5YEVE62CZY5T,01HQZS3CWV62DX1HG76SE3WF30,Timeless Treasure Locket,600,100
0036-wmh-2279,01HQZSYXN5D9YD5YEVE62CZY5T,01HQZS3CX6C1KD0YZQ8P98KFCS,Northern Lights Labradorite Ring,500,187
1818-kvo-5567,01HQZSYXN5D9YD5YEVE62CZY5T,01HQZS3CX4WWH58S0K7W01YGZP,Mystic Mirage Opal Earrings,300,135
4610-itq-6966,01HQZSYXN5D9YD5YEVE62CZY5T,01HQZS3CWM3S7BX2W5MKCM1MFN,Twilight Dewdrop Pendant,400,100
3773-gcy-3313,01HQZSYXN5D9YD5YEVE62CZY5T,01HQZS3CVZYM95VJDC16RHSW3Q,Solar Flare Peridot Bracelet,200,150
4602-aty-0475,01HQZSYXN5D9YD5YEVE62CZY5T,01HQZS3CWJ78WS3HD0JNXH48B2,Moonbeam Moonstone Bangle,300,143
7741-ccp-3312,01HQZSYXN5D9YD5YEVE62CZY5T,01HQZS3CW6FRF2TA0JEFE81M9Y,Venusian Vortex Amethyst Ring,500,182
5270-jfn-6255,01HQZSYXN5D9YD5YEVE62CZY5T,01HQZS3CWXKAB087TD2F4CSQMA,Stellar Stardust Diamond Earrings,1000,59
9293-xxq-5828,01HQZSYXN5D9YD5YEVE62CZY5T,01HQZS3CWDTDE60B5MFBTGE556,Serenity Shell Pearl Necklace,800,61
9818-hgs-8708,01HQZSYXN5D9YD5YEVE62CZY5T,01HQZS3CW6FRF2TA0JEFE81M9Y,Oracle's Eye Obsidian Pendant,700,56
1645-glp-3636,01HQZSYXN5D9YD5YEVE62CZY5T,01HQZS3CWQN6170B0Z442WC839,Elemental Earth Agate Bracelet,400,192
6646-kwz-5971,01HQZSYXN5D9YD5YEVE62CZY5T,01HQZS3CWE0TSZ9VX43EC2EYYQ,Cosmic Connection Celestite Anklet,600,69
9140-nyl-0586,01HQZSYXN5D9YD5YEVE62CZY5T,01HQZS3CWV62DX1HG76SE3WF30,Guardian Angel Wing Ring,500,190
6118-zba-6857,01HQZSYXN5D9YD5YEVE62CZY5T,01HQZS3CW7SPJJ6JW42YSCXBYJ,Luminous Lagoon Larimar Earrings,300,192
1397-ful-8708,01HQZSYXN5D9YD5YEVE62CZY5T,01HQZS3CWSWPK3ESMQ0QWXMA6Q,Enchanted Forest Emerald Necklace,600,62
1548-mpb-3941,01HQZSYXN5D9YD5YEVE62CZY5T,01HQZS3CX1P8VKV2D4T7VT4XDP,Phoenix Feather Fire Opal Brooch,1000,100
3459-oti-8683,01HQZSYXN5D9YD5YEVE62CZY5T,01HQZS3CWXKAB087TD2F4CSQMA,Starborn Sapphire Hairpiece,700,79
4489-btt-4870,01HQZSYXN5D9YD5YEVE62CZY5T,01HQZS3CWQN6170B0Z442WC839,Whispering Wind Chime Earrings,400,122
5196-zbz-7463,01HQZSYXN5D9YD5YEVE62CZY5T,01HQZS3CWE0TSZ9VX43EC2EYYQ,Radiance Rhodolite Garnet Ring,500,116
0097-bya-2842,01HQZSYXN5D9YD5YEVE62CZY5T,01HQZS3CW7SPJJ6JW42YSCXBYJ,Lunar Eclipse Lapis Lazuli Necklace,600,55
6335-nwh-1560,01HQZSYXN5D9YD5YEVE62CZY5T,01HQZS3CWSWPK3ESMQ0QWXMA6Q,Golden Hour Citrine Anklet,300,136
7074-zun-8354,01HQZSYXN5D9YD5YEVE62CZY5T,01HQZS3CWSWPK3ESMQ0QWXMA6Q,Seafoam Serenade Aquamarine Bracelet,400,198
9167-tzl-8984,01HQZSYXN5D9YD5YEVE62CZY5T,01HQZS3CWAANK3HMDV70KFNRTE,Twilight's Veil Amethyst Earrings,200,116
7516-mla-7263,01HQZSYXN5D9YD5YEVE62CZY5T,01HQZS3CWSWPK3ESMQ0QWXMA6Q,Heart of the Ocean Blue Topaz Pendant,500,115
6438-sbb-2528,01HQZSYXN5D9YD5YEVE62CZY5T,01HQZS3CWV62DX1HG76SE3WF30,Aurora's Awakening Rose Gold Ring,600,74
1868-gib-3087,01HQZSYXN5D9YD5YEVE62CZY5T,01HQZS3CX1P8VKV2D4T7VT4XDP,Stardust Sprinkle Diamond Choker,500,116
4142-doe-6143,01HQZSYXN2NFNR8NP0JDJJ4EGE,01HQZS3D4MNXJCYYQE3K573RTD,Harmony Hub Acoustic Guitar,300,101
1772-pdk-3204,01HQZSYXN2NFNR8NP0JDJJ4EGE,01HQZS3D4F46G6T41N1ZPRSWVX,BeatBox Pro Drum Machine,400,172
3671-jhu-9821,01HQZSYXN2NFNR8NP0JDJJ4EGE,01HQZS3D4Q0X8KR9XAJNZSJEKF,Melody Maker Digital Piano,600,96
3532-fuz-7000,01HQZSYXN2NFNR8NP0JDJJ4EGE,01HQZS3D4MNXJCYYQE3K573RTD,Bass Blaster Electric Guitar,350,154
3149-ckm-9205,01HQZSYXN2NFNR8NP0JDJJ4EGE,01HQZS3D4H3A1H089QGEEXZJ6Y,Symphony Strings Violin Set,250,167
1929-ucj-7367,01HQZSYXN2NFNR8NP0JDJJ4EGE,01HQZS3D4RW4T7TM9VVYZ998YY,RhythmRider Electronic Drum Set,450,130
7985-mmm-1496,01HQZSYXN2NFNR8NP0JDJJ4EGE,01HQZS3D4ZWHRTC6GYKA9S9Y7P,SonicBoom Bluetooth Speaker,150,128
1599-skz-5810,01HQZSYXN2NFNR8NP0JDJJ4EGE,01HQZS3D4GTAPQMZJNXV6YMC47,PurePitch Vocal Trainer,200,149
0688-rwz-5392,01HQZSYXN2NFNR8NP0JDJJ4EGE,01HQZS3D4YXAMVT16GS6V22NKN,GrooveMaster DJ Turntable,400,190
1464-xor-0799,01HQZSYXN2NFNR8NP0JDJJ4EGE,01HQZS3D4H3A1H089QGEEXZJ6Y,EchoZone Soundproofing Panels,100,198
4809-hrf-6943,01HQZSYXN2NFNR8NP0JDJJ4EGE,01HQZS3D525K4HXVX94ASJ0099,NoteNest Music Stand,50,200
7098-hji-1382,01HQZSYXN2NFNR8NP0JDJJ4EGE,01HQZS3D555WRRVHG5RCCXGFK3,TempoTuner Metronome,30,321
1406-nua-5462,01HQZSYXN2NFNR8NP0JDJJ4EGE,01HQZS3D4BJX5HERBX9MKY963Q,ChordQuest Guitar Learning System,200,159
4267-zvr-3667,01HQZSYXN2NFNR8NP0JDJJ4EGE,01HQZS3D4MNXJCYYQE3K573RTD,SoundScape Mixer Board,300,152
0053-pfy-4900,01HQZSYXN2NFNR8NP0JDJJ4EGE,01HQZS3D4DDX1FWD0N1G7BWAZX,DynamicDuo Dual Microphones,120,116
1178-sjq-4206,01HQZSYXN2NFNR8NP0JDJJ4EGE,01HQZS3D4H3A1H089QGEEXZJ6Y,BeatBuddy Loop Station,250,144
8784-kws-1922,01HQZSYXN2NFNR8NP0JDJJ4EGE,01HQZS3D4XE9PQPDQN10F3T539,HarmonyHarbor Ukulele,150,199
4706-tdf-3348,01HQZSYXN2NFNR8NP0JDJJ4EGE,01HQZS3D4VN9J2NREVEXKD4Z88,Octave Odyssey Midi Controller,200,200
6411-uhm-1573,01HQZSYXN2NFNR8NP0JDJJ4EGE,01HQZS3D4VN9J2NREVEXKD4Z88,PulsePercussion Cajon,100,255
0384-uxx-1370,01HQZSYXN2NFNR8NP0JDJJ4EGE,01HQZS3D4XE9PQPDQN10F3T539,Crescendo Choir Choral Folder,50,404
1642-qjh-5002,01HQZSYXN2NFNR8NP0JDJJ4EGE,01HQZS3D4ZWHRTC6GYKA9S9Y7P,Vibrato Virtuoso Violin Bow,80,462
3034-jrk-1561,01HQZSYXN2NFNR8NP0JDJJ4EGE,01HQZS3D4F46G6T41N1ZPRSWVX,RiffRanger Electric Bass,300,121
4343-ijx-2428,01HQZSYXN2NFNR8NP0JDJJ4EGE,01HQZS3D4WJXGYQXWF8JV1DY9J,ForteFidelity Stereo Amplifier,400,161
6550-fpm-4309,01HQZSYXN2NFNR8NP0JDJJ4EGE,01HQZS3D4H3A1H089QGEEXZJ6Y,Melodic Muse Harp,350,181
4444-kid-0616,01HQZSYXN2NFNR8NP0JDJJ4EGE,01HQZS3D555WRRVHG5RCCXGFK3,SonicScribe Music Composition Software,200,196
9832-mcy-0184,01HQZSYXN2NFNR8NP0JDJJ4EGE,01HQZS3D4EAQJQ6D5GQKT1411E,RhythmRhapsody Bongo Drums,150,102
6262-ppk-1320,01HQZSYXN2NFNR8NP0JDJJ4EGE,01HQZS3D4S11DAWG3S6339RYGF,KeyQuest Digital Keyboard,250,138
2242-kzr-5009,01HQZSYXN2NFNR8NP0JDJJ4EGE,01HQZS3D525K4HXVX94ASJ0099,BassBoost Headphones,100,209
4083-paj-9524,01HQZSYXN2NFNR8NP0JDJJ4EGE,01HQZS3D4DDX1FWD0N1G7BWAZX,TrebleTrek Portable Record Player,150,188
2080-xci-1357,01HQZSYXN2NFNR8NP0JDJJ4EGE,01HQZS3D4ZWHRTC6GYKA9S9Y7P,SoundSphere Studio Microphone,300,163
5124-wjk-4493,01HQZSYXN2NFNR8NP0JDJJ4EGE,01HQZS3D4BJX5HERBX9MKY963Q,TempoTrainer Drum Pad,80,472
9159-boo-1018,01HQZSYXN2NFNR8NP0JDJJ4EGE,01HQZS3D50V16AAWBZYSJHR86Y,HarmonyHaven Acoustic Foam,50,257
7610-sxu-0287,01HQZSYXN2NFNR8NP0JDJJ4EGE,01HQZS3D4PHVEHN26N5PH2WK0K,MelodyMix Audio Interface,200,178
2625-fgt-7778,01HQZSYXN2NFNR8NP0JDJJ4EGE,01HQZS3D4F46G6T41N1ZPRSWVX,NoteNavigator Sheet Music App,100,106
7609-jpt-3230,01HQZSYXN2NFNR8NP0JDJJ4EGE,01HQZS3D4F46G6T41N1ZPRSWVX,EchoEssence Vocal Effects Processor,250,157
4363-idg-0631,01HQZSYXN2NFNR8NP0JDJJ4EGE,01HQZS3D4RW4T7TM9VVYZ998YY,GrooveGlider Slide Guitar,180,101
3939-nls-9623,01HQZSYXN2NFNR8NP0JDJJ4EGE,01HQZS3D543D1CTXHV3Y0K6CZN,BeatBuilder Drum Programming Software,150,172
0114-hhe-3553,01HQZSYXN2NFNR8NP0JDJJ4EGE,01HQZS3D4YXAMVT16GS6V22NKN,ChorusCharm Vocal Harmonizer,200,177
6252-xcb-5813,01HQZSYXN2NFNR8NP0JDJJ4EGE,01HQZS3D4C5G9DVWP2W4MVY8PC,RiffRecorder Mobile Recording Studio,300,133
6046-ofp-0079,01HQZSYXN2NFNR8NP0JDJJ4EGE,01HQZS3D4BJX5HERBX9MKY963Q,TuneTorch Guitar Tuner,50,323
7900-dbr-3635,01HQZSYXN2NFNR8NP0JDJJ4EGE,01HQZS3D525K4HXVX94ASJ0099,SoundStream Wireless In-Ear Monitors,150,132
3530-rds-3236,01HQZSYXN2NFNR8NP0JDJJ4EGE,01HQZS3D4YXAMVT16GS6V22NKN,PitchPerfect Piano Tuning Kit,80,488
1919-xsw-9403,01HQZSYXN2NFNR8NP0JDJJ4EGE,01HQZS3D555WRRVHG5RCCXGFK3,HarmonyHive Music Theory Board Game,30,142
4822-tgb-8066,01HQZSYXN2NFNR8NP0JDJJ4EGE,01HQZS3D4RW4T7TM9VVYZ998YY,BassBounce Subwoofer,200,119
6032-zkw-6616,01HQZSYXN2NFNR8NP0JDJJ4EGE,01HQZS3D4C5G9DVWP2W4MVY8PC,SonicSeal Sound Barrier Curtains,100,423
4137-gdm-6992,01HQZSYXN2NFNR8NP0JDJJ4EGE,01HQZS3D4C5G9DVWP2W4MVY8PC,RhythmRanger Hand Percussion Set,120,192
9310-kjs-8446,01HQZSYXN2NFNR8NP0JDJJ4EGE,01HQZS3D525K4HXVX94ASJ0099,MelodyMap Interactive Songbook,150,187
9329-fpq-5642,01HQZSYXN2NFNR8NP0JDJJ4EGE,01HQZS3D4NP2WTHAXBKW0VXWQ8,VibeVox Voice Amplifier,180,152
1840-cvw-3274,01HQZSYXN2NFNR8NP0JDJJ4EGE,01HQZS3D4EAQJQ6D5GQKT1411E,GrooveGear Instrument Cables,50,318
7320-dfs-4863,01HQZSYXN2NFNR8NP0JDJJ4EGE,01HQZS3D50V16AAWBZYSJHR86Y,TempoTape Measure Music Practice Tool,30,127
4656-xrw-8725,01HQZSYXN3Y1HWZHXWRT8QBN1F,01HQZS3CWSWPK3ESMQ0QWXMA6Q,UrbanTrend Waterproof Jackets,80,468
5562-xul-0875,01HQZSYXN3Y1HWZHXWRT8QBN1F,01HQZS3CX1P8VKV2D4T7VT4XDP,EcoWeave Organic Cotton Tees,40,231
4513-fhk-7930,01HQZSYXN3Y1HWZHXWRT8QBN1F,01HQZS3CX2542EDD4P6B5NP0HF,FlexFit Yoga Pants Collection,60,496
2490-qht-7060,01HQZSYXN3Y1HWZHXWRT8QBN1F,01HQZS3CWE0TSZ9VX43EC2EYYQ,VintageVibe Denim Series,70,284
5135-rtr-5174,01HQZSYXN3Y1HWZHXWRT8QBN1F,01HQZS3CW3JJZPTVRQDB2HNHSD,SolarShield UV Protection Hats,30,380
3427-qmv-4735,01HQZSYXN3Y1HWZHXWRT8QBN1F,01HQZS3CW2S7CEZEWT8C9B4EBW,NightGlow Reflective Running Gear,50,452
6101-qbo-6020,01HQZSYXN3Y1HWZHXWRT8QBN1F,01HQZS3CX4WWH58S0K7W01YGZP,SummitSeries Hiking Boots,100,108
3177-evc-4262,01HQZSYXN3Y1HWZHXWRT8QBN1F,01HQZS3CW7SPJJ6JW42YSCXBYJ,AquaGuard Swimwear Line,40,175
6776-ivz-9164,01HQZSYXN3Y1HWZHXWRT8QBN1F,01HQZS3CWP4SM35H35PGCBJEFE,BreezeLite Linen Shirts,50,137
3876-hre-7100,01HQZSYXN3Y1HWZHXWRT8QBN1F,01HQZS3CX1P8VKV2D4T7VT4XDP,WinterWarm Insulated Coats,120,168
3656-phv-5006,01HQZSYXN3Y1HWZHXWRT8QBN1F,01HQZS3CX6C1KD0YZQ8P98KFCS,SilkSerenity Scarves,40,119
5589-mem-9710,01HQZSYXN3Y1HWZHXWRT8QBN1F,01HQZS3CW10CQREBMW37942HA2,CoolMesh Athletic Wear,60,374
7701-gel-2473,01HQZSYXN3Y1HWZHXWRT8QBN1F,01HQZS3CWDTDE60B5MFBTGE556,UrbanExplorer Cargo Trousers,70,323
5536-kwc-3756,01HQZSYXN3Y1HWZHXWRT8QBN1F,01HQZS3CWQN6170B0Z442WC839,Starlight Sequin Evening Dresses,200,189
2158-xgx-8466,01HQZSYXN3Y1HWZHXWRT8QBN1F,01HQZS3CWSWPK3ESMQ0QWXMA6Q,TerraTough Workwear Jackets,150,120
7833-zmr-0984,01HQZSYXN3Y1HWZHXWRT8QBN1F,01HQZS3CWBED381WTDVWANQCMN,PureComfort Memory Foam Slippers,30,210
7603-wza-0628,01HQZSYXN3Y1HWZHXWRT8QBN1F,01HQZS3CX4WWH58S0K7W01YGZP,SkyHigh Stilettos,80,400
8083-jsz-4339,01HQZSYXN3Y1HWZHXWRT8QBN1F,01HQZS3CWXKAB087TD2F4CSQMA,TrailBlazer Outdoor Vests,90,325
3548-xly-8705,01HQZSYXN3Y1HWZHXWRT8QBN1F,01HQZS3CWGRDJ05P0P8T5SAQ58,RainResist Waterproof Ponchos,60,305
0398-mfw-8742,01HQZSYXN3Y1HWZHXWRT8QBN1F,01HQZS3CW2S7CEZEWT8C9B4EBW,EcoChic Bamboo Fiber Socks,20,342
3522-rzk-0871,01HQZSYXN3Y1HWZHXWRT8QBN1F,01HQZS3CVZYM95VJDC16RHSW3Q,ZenYoga Eco-friendly Mats & Apparel,80,485
9956-ofk-9117,01HQZSYXN3Y1HWZHXWRT8QBN1F,01HQZS3CX1P8VKV2D4T7VT4XDP,LuxeLoom Cashmere Sweaters,100,169
9760-hnx-0220,01HQZSYXN3Y1HWZHXWRT8QBN1F,01HQZS3CWAANK3HMDV70KFNRTE,RapidDry Performance Towels,30,474
2126-hof-4634,01HQZSYXN3Y1HWZHXWRT8QBN1F,01HQZS3CWAANK3HMDV70KFNRTE,InfinityLoop Scarves,40,404
8601-mlc-2687,01HQZSYXN3Y1HWZHXWRT8QBN1F,01HQZS3CW6FRF2TA0JEFE81M9Y,PeakPerformance Ski Gear,150,119
9072-yqp-4224,01HQZSYXN3Y1HWZHXWRT8QBN1F,01HQZS3CW3JJZPTVRQDB2HNHSD,ShadowSport Athletic Shorts,60,390
9450-xuw-0810,01HQZSYXN3Y1HWZHXWRT8QBN1F,01HQZS3CWAANK3HMDV70KFNRTE,MoonlitBeauty Nightwear Collection,70,420
5003-eta-6386,01HQZSYXN3Y1HWZHXWRT8QBN1F,01HQZS3CW10CQREBMW37942HA2,SunScape Sun Hats,20,360
2360-hay-5775,01HQZSYXN3Y1HWZHXWRT8QBN1F,01HQZS3CWJ78WS3HD0JNXH48B2,OceanWave Boardshorts,50,419
4149-trx-9479,01HQZSYXN3Y1HWZHXWRT8QBN1F,01HQZS3CWQN6170B0Z442WC839,ArcticChill Winter Gloves,30,244
1099-kjc-7289,01HQZSYXN3Y1HWZHXWRT8QBN1F,01HQZS3CW7SPJJ6JW42YSCXBYJ,MysticMetallic Party Wear,80,190
7957-hmi-4132,01HQZSYXN3Y1HWZHXWRT8QBN1F,01HQZS3CWE0TSZ9VX43EC2EYYQ,Wanderlust World Traveler Backpacks,100,440
9788-fku-3149,01HQZSYXN3Y1HWZHXWRT8QBN1F,01HQZS3CX1P8VKV2D4T7VT4XDP,TranquilTees Meditation Tops,40,488
8791-kjp-6417,01HQZSYXN3Y1HWZHXWRT8QBN1F,01HQZS3CW5GFFETWQH4RCZNJRP,HorizonHoodies Graphic Series,50,466
8839-lfl-2547,01HQZSYXN3Y1HWZHXWRT8QBN1F,01HQZS3CWZHFSKYE6SK93G6A1R,ElementEarth Sustainable Footwear,70,291
9228-cpl-2849,01HQZSYXN3Y1HWZHXWRT8QBN1F,01HQZS3CWBED381WTDVWANQCMN,GlideGlamour Silk Gowns,150,173
6773-pnp-6966,01HQZSYXN3Y1HWZHXWRT8QBN1F,01HQZS3CW7SPJJ6JW42YSCXBYJ,UrbanMyth Leather Jackets,200,164
4595-pqc-6933,01HQZSYXN3Y1HWZHXWRT8QBN1F,01HQZS3CWSWPK3ESMQ0QWXMA6Q,CloudNine Comfort Underwear,30,386
2608-oet-6978,01HQZSYXN3Y1HWZHXWRT8QBN1F,01HQZS3CX1P8VKV2D4T7VT4XDP,RebelRider Motorcycle Gear,100,268
9822-rml-4959,01HQZSYXN3Y1HWZHXWRT8QBN1F,01HQZS3CX1P8VKV2D4T7VT4XDP,AeroSwift Running Shoes,80,230
2093-rrp-4154,01HQZSYXN3Y1HWZHXWRT8QBN1F,01HQZS3CW7SPJJ6JW42YSCXBYJ,BoldBloom Summer Dresses,120,170
8571-diq-4277,01HQZSYXN3Y1HWZHXWRT8QBN1F,01HQZS3CW7SPJJ6JW42YSCXBYJ,CascadeWaterproof Rain Jackets,100,474
9978-cqc-6731,01HQZSYXN3Y1HWZHXWRT8QBN1F,01HQZS3CX2542EDD4P6B5NP0HF,StealthMode Camouflage Apparel,70,194
2721-bsy-4144,01HQZSYXN3Y1HWZHXWRT8QBN1F,01HQZS3CX4WWH58S0K7W01YGZP,VintageVault Jeans Collection,60,185
3229-ryf-3562,01HQZSYXN3Y1HWZHXWRT8QBN1F,01HQZS3CW8WBEA35BF0301YBQH,PrismPrint Graphic Tees,40,392
7220-iqg-7200,01HQZSYXN3Y1HWZHXWRT8QBN1F,01HQZS3CWBED381WTDVWANQCMN,LuxeLeather Handbags,150,147
2035-whc-4591,01HQZSYXN3Y1HWZHXWRT8QBN1F,01HQZS3CW7SPJJ6JW42YSCXBYJ,NeonNights Clubwear,90,410
6675-qcq-1351,01HQZSYXN3Y1HWZHXWRT8QBN1F,01HQZS3CW8WBEA35BF0301YBQH,ClassicCotton Polo Shirts,50,490
4693-zmv-5500,01HQZSYXN3Y1HWZHXWRT8QBN1F,01HQZS3CX6C1KD0YZQ8P98KFCS,VentureVest Safety Gear,80,468
5417-qkz-5060,01HQZSYXN3Y1HWZHXWRT8QBN1F,01HQZS3CWGRDJ05P0P8T5SAQ58,SummitStride Mountain Gear,120,172
8617-ayo-2534,01HQZSYXN8GVDME3KSR2V3CWSY,01HQZS3D543D1CTXHV3Y0K6CZN,EcoBright LED Lighting Solutions,100,384
0720-fow-4815,01HQZSYXN8GVDME3KSR2V3CWSY,01HQZS3D4H3A1H089QGEEXZJ6Y,PureAir Advanced Air Purifiers,200,114
5003-wte-2473,01HQZSYXN8GVDME3KSR2V3CWSY,01HQZS3D50V16AAWBZYSJHR86Y,ZenSpace Modular Shelving Units,150,134
9486-jgf-2791,01HQZSYXN8GVDME3KSR2V3CWSY,01HQZS3D4XE9PQPDQN10F3T539,DreamComfort Memory Foam Mattresses,300,110
1856-uhi-5181,01HQZSYXN8GVDME3KSR2V3CWSY,01HQZS3D4RW4T7TM9VVYZ998YY,SolarSolutions Window Films,80,172
2292-afy-8697,01HQZSYXN8GVDME3KSR2V3CWSY,01HQZS3D4C5G9DVWP2W4MVY8PC,AquaPure Home Water Filters,150,127
8643-hrr-6364,01HQZSYXN8GVDME3KSR2V3CWSY,01HQZS3D543D1CTXHV3Y0K6CZN,SmartHeat Programmable Thermostats,120,160
8409-yaf-1022,01HQZSYXN8GVDME3KSR2V3CWSY,01HQZS3D4GTAPQMZJNXV6YMC47,LuxeLinen Premium Bedding Sets,250,107
1818-pwl-8470,01HQZSYXN8GVDME3KSR2V3CWSY,01HQZS3D4RW4T7TM9VVYZ998YY,FreshFragrance Essential Oil Diffusers,80,369
9361-umm-0010,01HQZSYXN8GVDME3KSR2V3CWSY,01HQZS3D4RW4T7TM9VVYZ998YY,CleanTech Robot Vacuum Cleaners,200,137
1490-dbb-6683,01HQZSYXN8GVDME3KSR2V3CWSY,01HQZS3D4S11DAWG3S6339RYGF,SpaceMax Expandable Furniture,180,101
5108-bki-1924,01HQZSYXN8GVDME3KSR2V3CWSY,01HQZS3D4DDX1FWD0N1G7BWAZX,HarmonyHome Sound Systems,300,157
3834-ytk-8668,01HQZSYXN8GVDME3KSR2V3CWSY,01HQZS3D543D1CTXHV3Y0K6CZN,CoolBreeze Tower Fans,100,165
1527-nlk-7578,01HQZSYXN8GVDME3KSR2V3CWSY,01HQZS3D4YXAMVT16GS6V22NKN,UrbanGarden Indoor Plant Kits,70,272
4783-jce-0866,01HQZSYXN8GVDME3KSR2V3CWSY,01HQZS3D555WRRVHG5RCCXGFK3,StyleStream Smart Curtains,150,108
9660-nis-7974,01HQZSYXN8GVDME3KSR2V3CWSY,01HQZS3D4C5G9DVWP2W4MVY8PC,GourmetGenius Kitchen Appliances,400,199
8495-azs-7030,01HQZSYXN8GVDME3KSR2V3CWSY,01HQZS3D4KVYP2595H9S190FPS,EcoWash Low Water Dishwashers,300,117
9889-kpb-4475,01HQZSYXN8GVDME3KSR2V3CWSY,01HQZS3D4MNXJCYYQE3K573RTD,PureGlow Salt Lamps,80,443
4624-rfk-8895,01HQZSYXN8GVDME3KSR2V3CWSY,01HQZS3D525K4HXVX94ASJ0099,SafetySense Smoke Detectors,50,274
8815-vsz-8479,01HQZSYXN8GVDME3KSR2V3CWSY,01HQZS3D4F46G6T41N1ZPRSWVX,SmartSecure Home Security Cameras,200,108
2450-stk-4976,01HQZSYXN8GVDME3KSR2V3CWSY,01HQZS3D4NP2WTHAXBKW0VXWQ8,ComfortCraft Luxury Bath Towels,60,237
7919-nxe-0978,01HQZSYXN8GVDME3KSR2V3CWSY,01HQZS3D4KVYP2595H9S190FPS,BrightPath Solar Outdoor Lights,100,169
2144-atj-3149,01HQZSYXN8GVDME3KSR2V3CWSY,01HQZS3D4BJX5HERBX9MKY963Q,ChillZone Portable Air Conditioners,400,133
4190-rpv-5239,01HQZSYXN8GVDME3KSR2V3CWSY,01HQZS3D4NP2WTHAXBKW0VXWQ8,ArtisanAesthetics Wall Art Collections,150,130
7524-vyl-7944,01HQZSYXN8GVDME3KSR2V3CWSY,01HQZS3D4VN9J2NREVEXKD4Z88,SerenityShowers Spa Shower Heads,80,156
1305-cww-4767,01HQZSYXN8GVDME3KSR2V3CWSY,01HQZS3D4DDX1FWD0N1G7BWAZX,CulinaryCrafts Precision Cookware,200,155
5592-stm-3289,01HQZSYXN8GVDME3KSR2V3CWSY,01HQZS3D4F46G6T41N1ZPRSWVX,SleepSerenity White Noise Machines,100,429
3968-hii-3917,01HQZSYXN8GVDME3KSR2V3CWSY,01HQZS3D4NP2WTHAXBKW0VXWQ8,OrganizeOasis Closet Systems,150,175
7675-ejz-4833,01HQZSYXN8GVDME3KSR2V3CWSY,01HQZS3D4ZWHRTC6GYKA9S9Y7P,FreshHarvest Home Gardening Systems,120,123
2167-sej-2839,01HQZSYXN8GVDME3KSR2V3CWSY,01HQZS3D525K4HXVX94ASJ0099,EnergyEfficient Insulation Kits,250,150
9559-nbf-3136,01HQZSYXN8GVDME3KSR2V3CWSY,01HQZS3D4EAQJQ6D5GQKT1411E,TranquilTubs Freestanding Bathtubs,300,118
5801-afo-9099,01HQZSYXN8GVDME3KSR2V3CWSY,01HQZS3D555WRRVHG5RCCXGFK3,DecorDelight Accent Furniture,200,122
7815-doq-5406,01HQZSYXN8GVDME3KSR2V3CWSY,01HQZS3D4BJX5HERBX9MKY963Q,HearthHaven Electric Fireplaces,400,200
1743-plh-7695,01HQZSYXN8GVDME3KSR2V3CWSY,01HQZS3D4RW4T7TM9VVYZ998YY,AquaGuard Leak Detectors,50,201
3228-dju-2656,01HQZSYXN8GVDME3KSR2V3CWSY,01HQZS3D4Q0X8KR9XAJNZSJEKF,SmartSaver Energy Monitor,150,132
1454-snu-2388,01HQZSYXN8GVDME3KSR2V3CWSY,01HQZS3D543D1CTXHV3Y0K6CZN,CozyCocoon Bean Bags,100,185
9839-ztn-2975,01HQZSYXN8GVDME3KSR2V3CWSY,01HQZS3D555WRRVHG5RCCXGFK3,SunsetShades Automated Blinds,200,191
2065-vnu-9011,01HQZSYXN8GVDME3KSR2V3CWSY,01HQZS3D4Q0X8KR9XAJNZSJEKF,HomeHarbor Entryway Organizers,120,114
5890-ecs-8973,01HQZSYXN8GVDME3KSR2V3CWSY,01HQZS3D525K4HXVX94ASJ0099,FlavorFusion Smart Ovens,300,190
3764-lcj-3077,01HQZSYXN8GVDME3KSR2V3CWSY,01HQZS3D4YXAMVT16GS6V22NKN,VintageVignettes Picture Frames,80,387
7482-rrx-0269,01HQZSYXN8GVDME3KSR2V3CWSY,01HQZS3D4NP2WTHAXBKW0VXWQ8,LuminaLamps Designer Lighting,200,145
4202-thd-4856,01HQZSYXN8GVDME3KSR2V3CWSY,01HQZS3D4C5G9DVWP2W4MVY8PC,PlushPalace Pet Beds,100,108
7955-knd-3181,01HQZSYXN8GVDME3KSR2V3CWSY,01HQZS3D4WJXGYQXWF8JV1DY9J,CleanCurve Shower Curtains,50,125
6634-deu-3730,01HQZSYXN8GVDME3KSR2V3CWSY,01HQZS3D4S11DAWG3S6339RYGF,BreatheEasy Humidifiers,80,229
4333-vml-0175,01HQZSYXN8GVDME3KSR2V3CWSY,01HQZS3D4ZWHRTC6GYKA9S9Y7P,ScentSational Aroma Diffusers,70,458
9128-szf-7069,01HQZSYXN8GVDME3KSR2V3CWSY,01HQZS3D4RW4T7TM9VVYZ998YY,MealMaster Slow Cookers,150,149
4699-fps-5838,01HQZSYXN8GVDME3KSR2V3CWSY,01HQZS3D4BJX5HERBX9MKY963Q,InfinityMirrors Bathroom Vanities,250,185
0786-slp-7793,01HQZSYXN8GVDME3KSR2V3CWSY,01HQZS3D4VN9J2NREVEXKD4Z88,UltraClean Faucet Filters,50,133
3939-fpo-3220,01HQZSYXN8GVDME3KSR2V3CWSY,01HQZS3D4RW4T7TM9VVYZ998YY,ZenithZones Heated Flooring Systems,300,147
3393-vpl-4735,01HQZSYXN8GVDME3KSR2V3CWSY,01HQZS3D4NP2WTHAXBKW0VXWQ8,CloudSoft Plush Rugs,100,257