shipment_id,order_id,dispatch,delivered,status
01HQZW8WN416M939HR7R908JDG,365-mbd-216,1.71E+12,1.69E+12,DISPATCHED
01HQZW8WN6S243BRV6T1JD1E5E,336-fec-072,1.69E+12,1.70E+12,DISPATCHED
01HQZW8WN68B6FRA8MD4NZ0NEG,980-pfr-903,1.69E+12,1.68E+12,DELIVERED
01HQZW8WN7JECQ1CYWM1650N26,731-rtb-404,1.70E+12,1.70E+12,DISPATCHED
01HQZW8WN8RQTRPA0MZKGFQ8FR,550-oqf-814,1.69E+12,1.69E+12,DISPATCHED
01HQZW8WN9JFCEJQEBE23NJYEV,211-ybz-385,1.69E+12,1.69E+12,UNABLE TO DELIVER
01HQZW8WNAN28WGE54YNWXAVN8,799-aey-594,1.68E+12,1.68E+12,UNABLE TO DELIVER
01HQZW8WNBPSKCF190QW8FKBVX,838-bpl-805,1.71E+12,1.69E+12,DISPATCHED
01HQZW8WNC1QKCMCT819HJE6BQ,380-sxi-865,1.70E+12,1.70E+12,UNABLE TO DELIVER
01HQZW8WNDATNHPRHPEG9FGYAW,733-bpv-519,1.70E+12,1.69E+12,DELIVERED
01HQZW8WNE34137DP38ZSMWCJ1,395-zkf-854,1.71E+12,1.68E+12,DISPATCHED
01HQZW8WNFR6PDC93H88K7ZD1K,595-kwh-581,1.70E+12,1.71E+12,DISPATCHED
01HQZW8WNFQA7CEH775HRGBC3Y,419-gke-470,1.68E+12,1.69E+12,DISPATCHED
01HQZW8WNFHWS5G33S0TAKSQE3,390-wlj-193,1.70E+12,1.68E+12,DISPATCHED
01HQZW8WNGYMVN3K55D3RAKZRS,048-did-853,1.69E+12,1.70E+12,DELIVERED
01HQZW8WNGXKK2G99DAM4K0M6B,329-fhe-125,1.68E+12,1.70E+12,DELIVERED
01HQZW8WNHT9HQRNJF5DTWDWM9,736-lck-992,1.71E+12,1.70E+12,DELIVERED
01HQZW8WNHB4MMKF7BDNJ7KHKP,299-tod-521,1.70E+12,1.70E+12,DELIVERED
01HQZW8WNHJKE9CVR09MW67Y4Z,194-ojk-242,1.70E+12,1.68E+12,DELIVERED
01HQZW8WNJH69D4CE44TD1W5QD,724-ipc-539,1.69E+12,1.68E+12,DELIVERED
01HQZW8WNJZD9WQF3BNP57DEWN,127-ggl-856,1.69E+12,1.68E+12,DELIVERED
01HQZW8WNKZJ9RYC716YE3G1A5,104-leg-829,1.70E+12,1.68E+12,DELIVERED
01HQZW8WNM2KBBP39AX29QSEQK,406-wdx-670,1.68E+12,1.68E+12,DISPATCHED
01HQZW8WNNK7TZ3F93A7G7N96M,189-oot-963,1.70E+12,1.69E+12,DELIVERED
01HQZW8WNPPW93NCTN3YPS0KCA,630-swm-966,1.69E+12,1.69E+12,UNABLE TO DELIVER
01HQZW8WNQ55WRACGWGZ2GN3NQ,252-pgh-252,1.68E+12,1.70E+12,DELIVERED
01HQZW8WNRZCJ69GB3KMY667D5,899-tvb-663,1.68E+12,1.69E+12,DISPATCHED
01HQZW8WNSNGFCDVNMH9ETG0Q5,277-vko-910,1.68E+12,1.71E+12,DISPATCHED
01HQZW8WNT2MVG5JZ568FDM3PG,455-xsj-658,1.69E+12,1.68E+12,DELIVERED
01HQZW8WNVZJX4BVC49MSG651K,976-byj-679,1.68E+12,1.70E+12,UNABLE TO DELIVER
01HQZW8WNWGGK9HZ6EJWYJBE74,900-ibl-297,1.70E+12,1.70E+12,DISPATCHED
01HQZW8WNXYZNNASA4S7PC6B2Z,139-kce-686,1.69E+12,1.68E+12,DISPATCHED
01HQZW8WNY7A4V6JQK2GJ32K8P,440-kbb-734,1.69E+12,1.71E+12,UNABLE TO DELIVER
01HQZW8WNZQ1YNGKXNNMDJZEDD,877-qax-322,1.69E+12,1.71E+12,DELIVERED
01HQZW8WP0T91SHDNCYZBQ122B,755-xdw-690,1.68E+12,1.68E+12,DELIVERED
01HQZW8WP1RYH3AB6G0HZP8N9Y,915-dgl-521,1.68E+12,1.71E+12,DELIVERED
01HQZW8WP2QZFHRB0542RHPR2Q,878-zct-045,1.70E+12,1.70E+12,UNABLE TO DELIVER
01HQZW8WP3RX2YR18J9KQX2QAB,742-xrw-401,1.68E+12,1.69E+12,UNABLE TO DELIVER
01HQZW8WP4EAWV0YFVTY5P9RSV,635-iwq-682,1.69E+12,1.68E+12,DELIVERED
01HQZW8WP5NZG06RK9XAJ7YC70,385-djl-561,1.70E+12,1.70E+12,DELIVERED
01HQZW8WP6KNJQQMAWXPY9ZK47,555-izn-231,1.69E+12,1.69E+12,DELIVERED
01HQZW8WP7XMCP5XYA1VDRSJW2,239-pnb-933,1.68E+12,1.69E+12,DELIVERED
01HQZW8WP7BR9MZ6HFRHWTDTWQ,398-nxt-604,1.68E+12,1.68E+12,DISPATCHED
01HQZW8WP8Z0QQTKV0H4Q4Z1CQ,964-tjk-806,1.68E+12,1.69E+12,DISPATCHED
01HQZW8WP8MGKS0XRX109JKAKP,198-jzc-855,1.70E+12,1.70E+12,DISPATCHED
01HQZW8WP8QM88J92TJ8FPZXEG,466-jlu-031,1.68E+12,1.68E+12,DELIVERED
01HQZW8WP9104EH9QFK52E389B,261-plr-607,1.70E+12,1.70E+12,DISPATCHED
01HQZW8WPA7J67023STNP4RNXJ,342-uia-035,1.69E+12,1.69E+12,DISPATCHED
01HQZW8WPBTR7ATB5QS6FBT8ZH,422-lad-701,1.69E+12,1.68E+12,DELIVERED
01HQZW8WPCA75W6MESNSR96HTA,394-xgg-136,1.69E+12,1.69E+12,DISPATCHED
01HQZW8WPD3JHXWQEY7Z7W3B36,363-rwn-298,1.69E+12,1.69E+12,DELIVERED
01HQZW8WPDBGNEFA9MBKQ6DTF7,087-fnf-523,1.68E+12,1.70E+12,UNABLE TO DELIVER
01HQZW8WPEW8RZEHR17BMJ7VBS,635-vjs-829,1.69E+12,1.71E+12,UNABLE TO DELIVER
01HQZW8WPE8ZD95FR2Y87CB1GR,371-ouv-568,1.70E+12,1.69E+12,DELIVERED
01HQZW8WPFAQF8GE2VXE2ZX5M7,557-usw-115,1.69E+12,1.68E+12,DELIVERED
01HQZW8WPFD4SHWBQHBCS43QPG,660-trp-896,1.70E+12,1.71E+12,UNABLE TO DELIVER
01HQZW8WPGQFZYX233V1CK6T88,236-kcb-147,1.69E+12,1.70E+12,UNABLE TO DELIVER
01HQZW8WPGCGVZN6EFENGFGTDD,666-zwb-531,1.71E+12,1.71E+12,DISPATCHED
01HQZW8WPGR1PQ4B28SKX3CGEC,056-ivu-220,1.68E+12,1.71E+12,UNABLE TO DELIVER
01HQZW8WPHS1ECNDF5Q18YZ2EH,496-qgo-574,1.70E+12,1.69E+12,DELIVERED
01HQZW8WPHK96SCCEQ3CN947GS,898-fqm-701,1.70E+12,1.68E+12,DISPATCHED
01HQZW8WPJHNW5NMKFBGHAJ0Y5,771-ejr-283,1.68E+12,1.69E+12,UNABLE TO DELIVER
01HQZW8WPJPS8HW3AXJCD5GW1R,443-rln-019,1.70E+12,1.70E+12,UNABLE TO DELIVER
01HQZW8WPKE43KTCQDG8WN98TJ,318-pdj-876,1.68E+12,1.69E+12,DELIVERED
01HQZW8WPKN4GXDDWWMPYZDCE2,816-gsq-295,1.69E+12,1.68E+12,DELIVERED
01HQZW8WPMKXNFCBSVWM61PGD5,733-dxx-950,1.68E+12,1.69E+12,DISPATCHED
01HQZW8WPM4PTSQ4FZQME6VS7Y,475-goy-600,1.68E+12,1.69E+12,DELIVERED
01HQZW8WPMC1V1XXXFCH9375SX,301-hik-572,1.68E+12,1.70E+12,UNABLE TO DELIVER
01HQZW8WPN5X1TYT01XP47DT0R,895-afc-629,1.68E+12,1.70E+12,DISPATCHED
01HQZW8WPN1VVCJCFSPRH1EWFF,501-wjp-887,1.69E+12,1.68E+12,DELIVERED
01HQZW8WPN07HSNHS1TAEDGXGC,246-hxk-838,1.70E+12,1.68E+12,UNABLE TO DELIVER
01HQZW8WPPZM9SNKMMZPZM1XNT,882-agz-477,1.69E+12,1.71E+12,UNABLE TO DELIVER
01HQZW8WPPAM614446T5W3XA52,378-vjo-646,1.69E+12,1.68E+12,DELIVERED
01HQZW8WPQ03YZ299YSZ7K1WST,465-edr-158,1.70E+12,1.71E+12,UNABLE TO DELIVER
01HQZW8WPQW2XRPFP09P55YR89,091-azk-624,1.70E+12,1.69E+12,DISPATCHED
01HQZW8WPRGWEG5M30JZ55V96W,811-vzb-639,1.69E+12,1.70E+12,DISPATCHED
01HQZW8WPSASYGMPZ07CR200HY,385-jkl-447,1.69E+12,1.69E+12,UNABLE TO DELIVER
01HQZW8WPS6XVMWSPJK9G6QPFH,414-pux-694,1.68E+12,1.69E+12,DISPATCHED
01HQZW8WPS65T9MY691YSCZ851,376-bzu-240,1.70E+12,1.71E+12,DISPATCHED
01HQZW8WPT6BYSVKGX2Z5N8MK1,983-msf-791,1.70E+12,1.69E+12,DISPATCHED
01HQZW8WPT8A3Q3D91CQWS0T5D,415-qgt-880,1.70E+12,1.70E+12,DISPATCHED
01HQZW8WPTE93PYB8YAY5H2A7K,406-xox-398,1.68E+12,1.70E+12,DELIVERED
01HQZW8WPVRJB398CK4JV5G2MJ,430-ery-550,1.69E+12,1.68E+12,DELIVERED
01HQZW8WPV419DBCJWZSXRMKXS,426-ygp-777,1.69E+12,1.71E+12,UNABLE TO DELIVER
01HQZW8WPWEGZ7EDM0BNJDXEFW,604-kzm-555,1.68E+12,1.70E+12,UNABLE TO DELIVER
01HQZW8WPW8A24HS91STC447V1,428-zrl-114,1.68E+12,1.70E+12,DELIVERED
01HQZW8WPXJE29JJZST0W4351E,295-ksh-811,1.68E+12,1.70E+12,DELIVERED
01HQZW8WPXM4WK2NBDGJPVS9H6,249-zcs-089,1.68E+12,1.68E+12,UNABLE TO DELIVER
01HQZW8WPYRZ1WB4QW0BW3KQD1,401-ewu-500,1.69E+12,1.69E+12,DISPATCHED
01HQZW8WPYH4N4HBRK1H6YF9NM,265-vpl-644,1.68E+12,1.69E+12,DELIVERED
01HQZW8WPYQMBXAMHYAHQQNABV,878-zqp-449,1.70E+12,1.68E+12,DISPATCHED
01HQZW8WPZXR4C065T2YDW9QXS,751-aes-834,1.70E+12,1.69E+12,UNABLE TO DELIVER
01HQZW8WPZ7XPVQX9BE8R0Z0W3,979-ieo-803,1.70E+12,1.69E+12,DELIVERED
01HQZW8WQ07JQ3E7E1DEWS9R9K,060-iqw-349,1.69E+12,1.70E+12,DISPATCHED
01HQZW8WQ0S1YFRY7CEEPF6G6X,102-upy-502,1.68E+12,1.69E+12,DELIVERED
01HQZW8WQ022DMFJZ8E21W29J1,850-dgx-183,1.70E+12,1.71E+12,UNABLE TO DELIVER
01HQZW8WQ1NBK86RCTRTV0TE9A,265-kml-567,1.68E+12,1.70E+12,DISPATCHED
01HQZW8WQ18EX084636QD8NMAN,518-nmb-992,1.68E+12,1.68E+12,UNABLE TO DELIVER
01HQZW8WQ22JMHQ67J0TXYX9RA,750-xjv-583,1.70E+12,1.70E+12,DISPATCHED
01HQZW8WQ2CF9BFQF10MBRQD86,668-lbr-902,1.68E+12,1.69E+12,UNABLE TO DELIVER
01HQZW8WQ2J3NHNGX5MA4WTD8C,430-gnd-632,1.68E+12,1.68E+12,UNABLE TO DELIVER
01HQZW8WQ3CGFGMEW7VD9V4WS1,137-tqa-589,1.69E+12,1.68E+12,UNABLE TO DELIVER
01HQZW8WQ3ZP909YF9HK4XT35Y,890-ufo-136,1.70E+12,1.70E+12,UNABLE TO DELIVER
01HQZW8WQ4M0YYNHH7K3041GTZ,678-oov-519,1.70E+12,1.69E+12,DELIVERED
01HQZW8WQ4CE7KBRPQ21B3Q1RA,295-cil-367,1.71E+12,1.69E+12,UNABLE TO DELIVER
01HQZW8WQ5ZPZK3BX1Y9FNHSBV,147-ffc-965,1.69E+12,1.69E+12,DELIVERED
01HQZW8WQ5NXB71QBZGHS56W4N,936-aqg-380,1.70E+12,1.70E+12,UNABLE TO DELIVER
01HQZW8WQ5TKNP507BBHRY1Z8R,224-lqs-097,1.70E+12,1.69E+12,UNABLE TO DELIVER
01HQZW8WQ6AKW2R2PH50TV7F3K,991-chu-379,1.68E+12,1.70E+12,DISPATCHED
01HQZW8WQ6E477F4QJXHQ58AH4,751-qqx-684,1.69E+12,1.69E+12,DELIVERED
01HQZW8WQ7QYWH4HPGZ8ARMWT5,771-nhk-429,1.69E+12,1.69E+12,UNABLE TO DELIVER
01HQZW8WQ7BSFSR6H4GCVPEW9K,252-rps-630,1.69E+12,1.69E+12,DELIVERED
01HQZW8WQ76AX3VXZA6C4TS1RC,136-gdv-344,1.68E+12,1.69E+12,DISPATCHED
01HQZW8WQ8MNB7X9MD51GVE1GB,847-ftf-158,1.69E+12,1.69E+12,DELIVERED
01HQZW8WQ8RJ40PEERAKYGCKZC,857-gaf-944,1.70E+12,1.68E+12,DELIVERED
01HQZW8WQ9520HE9CAF1N7TNQY,067-ytr-508,1.68E+12,1.68E+12,DELIVERED
01HQZW8WQ9R6EJAJYMDV4TBWWT,580-keo-542,1.68E+12,1.68E+12,DISPATCHED
01HQZW8WQA19RWWE2WE3AQWRT8,998-ofv-606,1.70E+12,1.70E+12,DELIVERED
01HQZW8WQAE5V4Y08SA53TWH2A,832-zty-670,1.69E+12,1.70E+12,UNABLE TO DELIVER
01HQZW8WQAXRJJ1G0TR6NRT1QZ,485-xuk-296,1.71E+12,1.69E+12,UNABLE TO DELIVER
01HQZW8WQB4TJ99JFDVQWJ1AYB,868-kln-142,1.70E+12,1.70E+12,UNABLE TO DELIVER
01HQZW8WQBCVEYZKVZASMTECBY,210-utn-460,1.68E+12,1.70E+12,UNABLE TO DELIVER
01HQZW8WQC3D8437TTKV3HR5CQ,264-fsf-366,1.71E+12,1.68E+12,DISPATCHED
01HQZW8WQCR44Z0TWQ6DWNN63Q,958-ich-053,1.69E+12,1.70E+12,UNABLE TO DELIVER
01HQZW8WQDC9HM3DBGQSDVDJ68,089-qky-450,1.69E+12,1.70E+12,DELIVERED
01HQZW8WQD9APCXSTY0E7985SQ,960-hqx-131,1.70E+12,1.68E+12,DISPATCHED
01HQZW8WQEEZ5VDCEA9DKMN0FE,800-rxh-194,1.70E+12,1.68E+12,DELIVERED
01HQZW8WQEBQA9WG024TNXPESM,422-qhj-839,1.70E+12,1.70E+12,UNABLE TO DELIVER
01HQZW8WQE7VQ56YWZ9F35C95Z,023-qhb-192,1.68E+12,1.71E+12,UNABLE TO DELIVER
01HQZW8WQFQ3KGJR8X1KPK0A6X,799-nye-049,1.69E+12,1.68E+12,UNABLE TO DELIVER
01HQZW8WQFEC5S2553TZ8HRX1J,071-gda-699,1.69E+12,1.68E+12,DELIVERED
01HQZW8WQGAFPSDM6MJC4JMMQJ,971-dgc-856,1.70E+12,1.69E+12,DELIVERED
01HQZW8WQGG1GKKT1W82T30NFZ,431-yvx-331,1.70E+12,1.70E+12,UNABLE TO DELIVER
01HQZW8WQHC8FMMERA2T5GQV6Y,622-sqe-723,1.70E+12,1.69E+12,UNABLE TO DELIVER
01HQZW8WQHNQFJM6R8ZQ6HXN0Q,727-tig-830,1.69E+12,1.68E+12,DELIVERED
01HQZW8WQHYF35MVGFKZ6RQP2V,052-egq-590,1.69E+12,1.68E+12,DISPATCHED
01HQZW8WQJZQFGAHMDFWKR3MKC,265-che-796,1.69E+12,1.68E+12,UNABLE TO DELIVER
01HQZW8WQJS61V553J552G1PQ2,098-pvd-902,1.71E+12,1.70E+12,UNABLE TO DELIVER
01HQZW8WQJM9WHXN91KSF9TGV2,419-arr-743,1.69E+12,1.70E+12,DELIVERED
01HQZW8WQKJABV93FS7XA5FWK7,352-ivb-761,1.69E+12,1.70E+12,DELIVERED
01HQZW8WQKGXVF8MRT7AGJMZ8C,237-aro-642,1.69E+12,1.68E+12,DELIVERED
01HQZW8WQMDE59FA9BHD8BZBRM,474-tux-215,1.69E+12,1.69E+12,DISPATCHED
01HQZW8WQMXQY1AY0B0KXQJG12,200-puv-493,1.69E+12,1.69E+12,DELIVERED
01HQZW8WQMX98KGVCKD1ZFXZP2,916-ajw-853,1.71E+12,1.71E+12,DISPATCHED
01HQZW8WQNGZ451D28EKCWFB4P,220-ljr-700,1.70E+12,1.70E+12,UNABLE TO DELIVER
01HQZW8WQNKNFZPN2VBGEYJ53H,488-lzh-030,1.70E+12,1.70E+12,DELIVERED
01HQZW8WQPHZ1XRK8JRHDVTBB4,535-fqg-423,1.69E+12,1.70E+12,UNABLE TO DELIVER
01HQZW8WQP7HQCBG8TD5NGEQ77,193-yor-550,1.69E+12,1.71E+12,DISPATCHED
01HQZW8WQPY2CBQAD7TBJPMHP5,742-hxa-128,1.68E+12,1.68E+12,DISPATCHED
01HQZW8WQQKD7S5YYVG58DBEZC,225-kvy-545,1.68E+12,1.71E+12,DELIVERED
01HQZW8WQQQ8KM5B8EB0RQ0PXB,868-yod-499,1.71E+12,1.70E+12,DELIVERED
01HQZW8WQRB16AEXJ9RVDKZNZN,800-kss-202,1.68E+12,1.69E+12,UNABLE TO DELIVER
01HQZW8WQRYGRABFNVDTGZV3V1,903-iuu-950,1.69E+12,1.71E+12,DISPATCHED
01HQZW8WQSGZCJMZ0WR5CHERST,350-auz-480,1.68E+12,1.70E+12,DELIVERED
01HQZW8WQS4E4BQTQP8WNTBZXZ,290-uak-484,1.68E+12,1.68E+12,UNABLE TO DELIVER
01HQZW8WQSBZW80WDHZ3XN3A3R,860-oxl-030,1.69E+12,1.69E+12,DELIVERED
01HQZW8WQT7PPZZZRW4RFK6FYN,215-kds-476,1.70E+12,1.70E+12,DELIVERED
01HQZW8WQTXW1CK7EDR4443ZR5,637-zwq-680,1.68E+12,1.70E+12,UNABLE TO DELIVER
01HQZW8WQT3R7GHDXTXAV9RJFV,946-zwr-774,1.69E+12,1.69E+12,DISPATCHED
01HQZW8WQVZ8NDY8XXEB399RS1,935-rbr-967,1.69E+12,1.70E+12,DELIVERED
01HQZW8WQVGNM0PP2MHESXWBS5,532-mwt-745,1.71E+12,1.69E+12,DISPATCHED
01HQZW8WQWAHMMYHJ2VY3BRBJX,109-ysl-391,1.69E+12,1.70E+12,DELIVERED
01HQZW8WQW6SW8AR5J3DZ4TK6K,507-puc-952,1.69E+12,1.70E+12,UNABLE TO DELIVER
01HQZW8WQWRXPA1RE8JBPPYYZK,149-epz-785,1.68E+12,1.68E+12,UNABLE TO DELIVER
01HQZW8WQXA3NGRW2WN4EV8NGS,449-ehf-166,1.68E+12,1.70E+12,DISPATCHED
01HQZW8WQXBMWDDK4RFDHXNGKD,877-jem-636,1.69E+12,1.71E+12,DISPATCHED
01HQZW8WQY1QVT6363BR52WZXZ,357-vuz-349,1.70E+12,1.70E+12,UNABLE TO DELIVER
01HQZW8WQYF5A1A546PW4DEPVX,371-ric-937,1.70E+12,1.69E+12,DELIVERED
01HQZW8WQYMSXB19DDD06FX6EP,333-adf-377,1.69E+12,1.68E+12,DISPATCHED
01HQZW8WQZ02C5HQVSDZRV2EMB,566-ygx-967,1.70E+12,1.69E+12,DISPATCHED
01HQZW8WQZ61DCHVXM49HWB6BC,567-fgq-719,1.68E+12,1.70E+12,DISPATCHED
01HQZW8WR0QMT4QS96XN7XPTPN,676-fls-662,1.69E+12,1.68E+12,DELIVERED
01HQZW8WR0JDXH86F0W8JK9SSX,401-jga-362,1.71E+12,1.68E+12,DISPATCHED
01HQZW8WR0ZGCC3441SZD6DZP1,340-iwl-709,1.69E+12,1.70E+12,DELIVERED
01HQZW8WR11X04H2RTWF4BPX5N,169-rri-010,1.70E+12,1.70E+12,UNABLE TO DELIVER
01HQZW8WR1P6GP1QBH9KQK0MAM,970-ztd-335,1.69E+12,1.70E+12,DISPATCHED
01HQZW8WR2YP42JW74N6YS86XK,837-wny-724,1.68E+12,1.70E+12,DISPATCHED
01HQZW8WR2PK16T9RT2MH27ZR2,184-icc-862,1.69E+12,1.68E+12,UNABLE TO DELIVER
01HQZW8WR2TNRT8HKXWX8FBGRK,832-fiu-068,1.69E+12,1.70E+12,DISPATCHED
01HQZW8WR36KDMCDSE57BR8AX1,568-blh-649,1.70E+12,1.68E+12,UNABLE TO DELIVER
01HQZW8WR34Z1A4FZPJ0WHCXMZ,884-ywh-475,1.70E+12,1.70E+12,DISPATCHED
01HQZW8WR31B9F7C8Y1ESM3EBZ,937-who-227,1.69E+12,1.69E+12,DELIVERED
01HQZW8WR42WKA4E2YF9F1EP7N,061-aof-316,1.68E+12,1.68E+12,UNABLE TO DELIVER
01HQZW8WR4H6FH69AA93GS3MB4,880-cje-661,1.69E+12,1.70E+12,DISPATCHED
01HQZW8WR5X07GMCT2WWWK0GH4,572-mff-692,1.69E+12,1.69E+12,DELIVERED
01HQZW8WR5DNE3WCZ042PH6HC4,842-hfu-662,1.69E+12,1.70E+12,UNABLE TO DELIVER
01HQZW8WR5MTGT19HGF3WFG4MH,760-dur-735,1.69E+12,1.68E+12,DISPATCHED
01HQZW8WR69C2D8W0X6HC8ZG3D,364-ofu-010,1.70E+12,1.70E+12,UNABLE TO DELIVER
01HQZW8WR7W95D9ZQ5JZ1K048D,939-luh-781,1.69E+12,1.69E+12,DISPATCHED
01HQZW8WR79J4QBM8ASC1WM8N1,334-phc-929,1.69E+12,1.71E+12,DELIVERED
01HQZW8WR8XM14XMASVP1V9RZ6,942-dht-736,1.69E+12,1.69E+12,UNABLE TO DELIVER
01HQZW8WR8XY3BJSC3E5J685MA,491-kln-957,1.70E+12,1.70E+12,UNABLE TO DELIVER
01HQZW8WR9GS6144VW6YMXDHWS,368-yjl-732,1.70E+12,1.69E+12,DELIVERED
01HQZW8WR90YRTXH5YKGNDKTS0,681-rnm-518,1.69E+12,1.69E+12,DELIVERED
01HQZW8WRA5XGSFJP57BZQ2HVR,492-afl-572,1.70E+12,1.70E+12,DISPATCHED
01HQZW8WRA5E17JG1XMP0CGDQ7,935-kbh-540,1.68E+12,1.70E+12,DISPATCHED
01HQZW8WRAKGNK16JM12J9D4FN,283-ktn-015,1.70E+12,1.69E+12,DELIVERED
01HQZW8WRBSEG5BDHAFREV7RTW,434-hkm-171,1.69E+12,1.70E+12,UNABLE TO DELIVER
01HQZW8WRB19P3D4DJ212NDZYJ,614-pfk-329,1.68E+12,1.68E+12,UNABLE TO DELIVER
01HQZW8WRCFR2PCGGMHGA035XM,605-fqs-976,1.69E+12,1.68E+12,DISPATCHED
01HQZW8WS3FW55SKAVJCYKV0KX,014-jcm-269,1.69E+12,1.69E+12,DISPATCHED
01HQZW8WS40XSK402K0VWDF5M7,884-czr-684,1.68E+12,1.69E+12,DELIVERED
01HQZW8WS4QKYK4QTJBPDKG5GN,646-tqc-962,1.69E+12,1.68E+12,DISPATCHED
01HQZW8WS5ZED37A80CZSCNFRF,821-tgj-448,1.68E+12,1.69E+12,DISPATCHED
01HQZW8WS5HRXQ2XSHM77HV4X1,045-hxy-504,1.69E+12,1.69E+12,UNABLE TO DELIVER
01HQZW8WS6QVPYHVHP2DH6AQMG,011-rdy-797,1.68E+12,1.69E+12,DELIVERED
01HQZW8WS6F3527BS3EG0P2EJB,831-zax-931,1.70E+12,1.69E+12,DISPATCHED
01HQZW8WS71HN0ZXA1GWGN1B77,403-rgw-010,1.69E+12,1.69E+12,DELIVERED
01HQZW8WS7S8J0HEHGTKJQZ5DC,859-mtg-968,1.68E+12,1.69E+12,DELIVERED
01HQZW8WS7BFTWR0FMJN387NXW,565-zak-627,1.69E+12,1.68E+12,UNABLE TO DELIVER
01HQZW8WS9T53TQNBZRNN4XEWJ,640-hiz-814,1.69E+12,1.70E+12,DELIVERED
01HQZW8WS92TBE5W90RCF1M74Q,595-jwg-468,1.69E+12,1.68E+12,DELIVERED
01HQZW8WSA7E2CBQD3DJ7YSHS5,635-wgs-199,1.69E+12,1.71E+12,DELIVERED
01HQZW8WSAXAJ76F9HQ2CDEH78,720-twy-778,1.69E+12,1.68E+12,DELIVERED
01HQZW8WSBQG6NSBX24ZFVPZH9,341-hgq-583,1.70E+12,1.69E+12,UNABLE TO DELIVER
01HQZW8WSB4KB6XJFX6D05S3WJ,538-fdi-294,1.69E+12,1.70E+12,DISPATCHED
01HQZW8WSCGZN9ANAACAE4QAM9,123-toz-459,1.70E+12,1.70E+12,DELIVERED
01HQZW8WSC6CQXR647N19Q9E1G,931-qsj-757,1.69E+12,1.70E+12,DELIVERED
01HQZW8WSCSHVP1S84JHZA6G3W,033-ayl-329,1.70E+12,1.70E+12,UNABLE TO DELIVER
01HQZW8WSDE35QH5AGFF0SP5HM,550-tlb-096,1.68E+12,1.69E+12,DISPATCHED
01HQZW8WSD027WRPTZGBPPGEWX,473-vge-651,1.69E+12,1.69E+12,UNABLE TO DELIVER
01HQZW8WSEED2REBCM4TPBS2QS,716-sjk-466,1.70E+12,1.69E+12,DISPATCHED
01HQZW8WSENHF6VKDG71BDDV1R,182-umw-142,1.69E+12,1.68E+12,UNABLE TO DELIVER
01HQZW8WSF0ZY3XWKBASR047N8,954-ttt-982,1.68E+12,1.71E+12,DELIVERED
01HQZW8WSFDGM8EF8TM3V12MA3,550-mlr-797,1.69E+12,1.68E+12,DISPATCHED
01HQZW8WSGNKNJK4WGYM9T5GWB,425-osq-852,1.70E+12,1.69E+12,DELIVERED
01HQZW8WSGJ95Q5Y5D3WXBNDHX,028-jav-777,1.69E+12,1.69E+12,DISPATCHED
01HQZW8WSGR6ZQGRKGXFTAPYQM,034-mas-529,1.68E+12,1.70E+12,UNABLE TO DELIVER
01HQZW8WSHXWDRP2MHD097TBBQ,800-wvd-469,1.69E+12,1.70E+12,DELIVERED
01HQZW8WSH0GJXJWE2NBGFC710,054-qep-085,1.70E+12,1.68E+12,UNABLE TO DELIVER
01HQZW8WSJQMJ71NPNS0CPZKMF,911-jot-437,1.70E+12,1.70E+12,DISPATCHED
01HQZW8WSJWKTFQPAAHJCE4AJH,182-xkc-353,1.68E+12,1.69E+12,DISPATCHED
01HQZW8WSKE1YD0MSJSFG372PT,981-vtx-468,1.69E+12,1.68E+12,DISPATCHED
01HQZW8WSK6RX32F26G6KNFAKX,189-bsz-958,1.70E+12,1.70E+12,DELIVERED
01HQZW8WSMH5KFMEMVJ4BPMFT0,761-fhr-790,1.70E+12,1.68E+12,UNABLE TO DELIVER
01HQZW8WSMHZ53N55E9JFE92QW,727-vhr-090,1.69E+12,1.69E+12,DELIVERED
01HQZW8WSN8C1YKDHWVCF8GHFG,061-jvn-120,1.70E+12,1.69E+12,DISPATCHED
01HQZW8WSNR2JKD5454HC9XK9W,222-jkz-491,1.70E+12,1.70E+12,UNABLE TO DELIVER
01HQZW8WSPQP8KSHFB5YYP5RFJ,470-udo-758,1.69E+12,1.68E+12,UNABLE TO DELIVER
01HQZW8WSQM0YA1DVKS4KAM32X,361-igd-985,1.69E+12,1.71E+12,UNABLE TO DELIVER
01HQZW8WSQ6C2AF9Z88EPY22EE,437-fds-356,1.70E+12,1.69E+12,DELIVERED
01HQZW8WSR1VG8N13EE5YRRWN7,161-jzb-358,1.69E+12,1.70E+12,DELIVERED
01HQZW8WSSJ8JMJN6P3W8E1TYM,959-sww-860,1.68E+12,1.69E+12,DISPATCHED
01HQZW8WSSS2J8E23CDXPXJ9Q8,504-oto-032,1.70E+12,1.70E+12,DELIVERED
01HQZW8WSTD37GTNZ7B5MHDTSX,795-yqs-241,1.70E+12,1.70E+12,DELIVERED
01HQZW8WSTD3Q1JMM75CRPD3WB,867-kqd-938,1.69E+12,1.69E+12,DISPATCHED
01HQZW8WSVHM6FWFSXVZXW18DZ,811-llw-131,1.69E+12,1.70E+12,UNABLE TO DELIVER
01HQZW8WSWGKT113VFHJNHV1ZD,644-zgw-128,1.68E+12,1.69E+12,UNABLE TO DELIVER
01HQZW8WSX7ND8MA7W2SJTVMZB,664-zdi-573,1.70E+12,1.69E+12,DISPATCHED
01HQZW8WSX57HF4Z3BJYK4E6EP,600-zbo-056,1.70E+12,1.69E+12,DISPATCHED
01HQZW8WSY3VW7JFKW2HTDKRWH,492-rql-561,1.70E+12,1.68E+12,UNABLE TO DELIVER
01HQZW8WSYZZFHTK4W51Y93AWV,337-nzs-342,1.68E+12,1.70E+12,DISPATCHED
01HQZW8WSZP7J6P0TC21D2XF5Y,791-bgv-686,1.70E+12,1.68E+12,DELIVERED
01HQZW8WT06WCXT7Y3T8MWPNF5,735-iey-420,1.69E+12,1.70E+12,UNABLE TO DELIVER
01HQZW8WT0Y0Y0NAGNQKXS6KV4,943-wqf-638,1.69E+12,1.69E+12,DISPATCHED
01HQZW8WT1CES6P0G3QF4JF4EX,827-yce-726,1.70E+12,1.68E+12,DISPATCHED
01HQZW8WT15XF72WGR0840H3QB,414-wyc-528,1.71E+12,1.68E+12,DELIVERED
01HQZW8WT2X53BPJX40N8XS9X3,915-mej-763,1.69E+12,1.68E+12,DISPATCHED
01HQZW8WT20HC1CHZ6TN6XMS9R,102-fmb-390,1.69E+12,1.69E+12,DISPATCHED
01HQZW8WT21ZEJ2PK65TVWRM26,011-mgy-229,1.68E+12,1.69E+12,DISPATCHED
01HQZW8WT3V3FNR9GVKW2V35XW,488-vrn-421,1.68E+12,1.68E+12,DELIVERED
01HQZW8WT40DAB3ZJ6W58C38C1,445-vfd-095,1.69E+12,1.68E+12,UNABLE TO DELIVER
01HQZW8WT5S0M1VT2Z19J13RR3,891-rzf-170,1.70E+12,1.69E+12,DELIVERED
01HQZW8WT5MEEVVF99DBM6DV8C,241-rpo-267,1.69E+12,1.70E+12,UNABLE TO DELIVER
01HQZW8WT6E94XQYVV6QKRWQDM,154-stz-019,1.70E+12,1.69E+12,DELIVERED
01HQZW8WT76H9MACAMMZ0VN1B4,031-cso-521,1.70E+12,1.68E+12,UNABLE TO DELIVER
01HQZW8WT8NAC1J74R7Y9E8T5S,222-vwb-459,1.68E+12,1.68E+12,DELIVERED
01HQZW8WT9W24XCMMG80FWHQ92,191-umg-228,1.69E+12,1.68E+12,DISPATCHED
01HQZW8WT9EKWJPXP0AYYWD8Y5,864-trr-393,1.71E+12,1.70E+12,UNABLE TO DELIVER
01HQZW8WTA7Z68W3VZYM07NC8B,986-ywh-723,1.69E+12,1.68E+12,DELIVERED
01HQZW8WTBS50XHJCBN28B0XH5,958-wyz-697,1.68E+12,1.68E+12,UNABLE TO DELIVER
01HQZW8WTCD01NX4XC5QP37GP1,418-jfe-185,1.70E+12,1.68E+12,UNABLE TO DELIVER
01HQZW8WTD89PQ0331GD7WACWV,334-vyo-020,1.70E+12,1.69E+12,UNABLE TO DELIVER
01HQZW8WTD71XWNWCWMBR84KBD,520-jvj-030,1.69E+12,1.69E+12,DELIVERED
01HQZW8WTER21PCY6XWRRRVV58,991-zgj-100,1.70E+12,1.70E+12,DISPATCHED
01HQZW8WTFTA420HHMSABN31E1,175-hex-975,1.69E+12,1.68E+12,UNABLE TO DELIVER
01HQZW8WTGM7ZD96T7T6ND88FP,958-gxc-270,1.69E+12,1.69E+12,DISPATCHED
01HQZW8WTH4WK9JSE7VSXGJBM3,070-mnj-279,1.70E+12,1.71E+12,DISPATCHED
01HQZW8WTHQKKRB2PYQ18TZSKP,671-qlk-530,1.71E+12,1.69E+12,UNABLE TO DELIVER
01HQZW8WTJT9J5BZYGM7MQJWM8,739-vid-969,1.69E+12,1.69E+12,DELIVERED
01HQZW8WTKM77AZXT917TNXMZ8,678-bgu-066,1.69E+12,1.68E+12,UNABLE TO DELIVER
01HQZW8WTMD3N7C11BE6RDZQYY,895-job-161,1.71E+12,1.70E+12,UNABLE TO DELIVER
01HQZW8WTNFEDHTX5HY8MAYAVH,786-rlo-598,1.70E+12,1.69E+12,UNABLE TO DELIVER
01HQZW8WTPXJK1D0A8E0PDHH19,149-dyv-532,1.69E+12,1.71E+12,UNABLE TO DELIVER
01HQZW8WTP3H123JH947WQ6YSS,984-vih-765,1.70E+12,1.70E+12,DELIVERED
01HQZW8WTQJ9CG93S0BDYSC0ZX,629-cjd-674,1.70E+12,1.69E+12,DELIVERED
01HQZW8WTRJ5D69MT7RK61Y0M0,227-gcs-717,1.70E+12,1.69E+12,DELIVERED
01HQZW8WTS0STRQ2ESTDJ7XSVH,322-cog-026,1.70E+12,1.68E+12,DELIVERED
01HQZW8WTTYJDHTXA65T5EQXRQ,307-bxi-092,1.70E+12,1.69E+12,DELIVERED
01HQZW8WTTHCME6NZ090XTBAG1,857-qig-209,1.70E+12,1.69E+12,UNABLE TO DELIVER
01HQZW8WTVCX0W6807YNTKV49Y,471-pnp-962,1.69E+12,1.68E+12,UNABLE TO DELIVER
01HQZW8WTW50C8TNZK7EQYXHFN,107-jtl-893,1.68E+12,1.68E+12,UNABLE TO DELIVER
01HQZW8WTX12H328YFVH9PANQF,583-pxv-847,1.68E+12,1.70E+12,DISPATCHED
01HQZW8WTY2R8JR435N9TA708H,186-ltl-581,1.68E+12,1.70E+12,DELIVERED
01HQZW8WTY42ENYR7ZKMCF0B2K,326-iud-808,1.69E+12,1.69E+12,UNABLE TO DELIVER
01HQZW8WTZ83KP1H9GRKGWM2QB,518-fmz-227,1.70E+12,1.68E+12,UNABLE TO DELIVER
01HQZW8WV09PVJADK2SS2FSGPP,851-koc-707,1.68E+12,1.70E+12,DISPATCHED
01HQZW8WV1VET1NS1A5Z8Z8H0E,811-eoj-825,1.69E+12,1.68E+12,UNABLE TO DELIVER
01HQZW8WV17XT1V4WBDPBQFAZ4,013-hid-240,1.70E+12,1.70E+12,DISPATCHED
01HQZW8WV2HTDWE9KH1HYCC2KV,462-hbo-213,1.69E+12,1.68E+12,DELIVERED
01HQZW8WV32YV2SEZCS8NPKNZD,706-pir-677,1.70E+12,1.69E+12,DELIVERED
01HQZW8WV4P547V206VYDXF280,256-poc-730,1.68E+12,1.69E+12,DISPATCHED
01HQZW8WV55ME3Z8NFB5BG04FF,503-ztc-653,1.70E+12,1.70E+12,DISPATCHED
01HQZW8WV5HK9X0BGSPVGXCHQE,380-bqk-654,1.69E+12,1.69E+12,DELIVERED
01HQZW8WV69HDAZJJTCFM9DAZ4,697-kcr-534,1.69E+12,1.69E+12,UNABLE TO DELIVER
01HQZW8WV7689EBTJ33JC3HMR0,658-ash-197,1.70E+12,1.70E+12,UNABLE TO DELIVER
01HQZW8WV8DKN707XYXZ5V9MR4,567-igg-483,1.68E+12,1.69E+12,DELIVERED
01HQZW8WV8FT5B44X2DFE94NG3,829-lll-621,1.68E+12,1.69E+12,UNABLE TO DELIVER
01HQZW8WV93EYF8CTSJJD6F1BY,427-heu-380,1.68E+12,1.68E+12,UNABLE TO DELIVER
01HQZW8WVAXMQ3F94KTP70CFRP,253-kiu-619,1.70E+12,1.70E+12,DELIVERED
01HQZW8WVB2YZGGBJP0NX8DT1G,114-beh-843,1.69E+12,1.69E+12,DISPATCHED
01HQZW8WVCKQK9JJN4Z6HZQYR4,157-mgw-046,1.70E+12,1.70E+12,DISPATCHED
01HQZW8WVDZMJRM3N25HXH7GMV,001-vlf-091,1.70E+12,1.70E+12,UNABLE TO DELIVER
01HQZW8WVDS8KM14MJ00C1970Z,474-yzq-171,1.69E+12,1.70E+12,DISPATCHED
01HQZW8WVEY4G9V85DQRXM9028,341-pzg-395,1.69E+12,1.70E+12,DELIVERED
01HQZW8WVEP9NS2394XJ83DMHK,053-szj-948,1.69E+12,1.70E+12,DISPATCHED
01HQZW8WVFJ9B61WFWN61DS3RR,479-zqg-106,1.69E+12,1.68E+12,DISPATCHED
01HQZW8WVG411GNTZT08PXG513,106-ert-817,1.68E+12,1.68E+12,DISPATCHED
01HQZW8WVHFZHZBEE918PQA1QH,526-vhg-028,1.70E+12,1.68E+12,UNABLE TO DELIVER
01HQZW8WVJS9MVJ7Z69B6V2ARK,333-czl-447,1.68E+12,1.68E+12,DISPATCHED
01HQZW8WVKYE09QJBKDWZCVVDT,662-fzq-148,1.70E+12,1.71E+12,DISPATCHED
01HQZW8WVM8QJ8627KBSRR4TQC,123-ivm-934,1.69E+12,1.71E+12,UNABLE TO DELIVER
01HQZW8WVN2CGVSNBTVZG7MC9Q,211-ygr-573,1.70E+12,1.68E+12,DISPATCHED
01HQZW8WVPN5V4THYEP8QEJKJ7,588-lwb-368,1.69E+12,1.69E+12,DISPATCHED
01HQZW8WVQMKPP0C9YA59QYTA2,016-wfm-929,1.69E+12,1.68E+12,UNABLE TO DELIVER
01HQZW8WVSZXS4PS3K44FH7NMS,657-ryh-162,1.71E+12,1.68E+12,UNABLE TO DELIVER
01HQZW8WVTF0AYPFNVGRMP3A7X,757-ofg-831,1.69E+12,1.68E+12,UNABLE TO DELIVER
01HQZW8WVV71NBQ4YR6F8YQRGJ,025-ffq-253,1.70E+12,1.70E+12,UNABLE TO DELIVER
01HQZW8WVWR2APYSMKDQ5MX51N,692-jwx-643,1.70E+12,1.70E+12,UNABLE TO DELIVER
01HQZW8WVXRQFFZB0WXR26H936,166-gwb-381,1.70E+12,1.68E+12,DELIVERED
01HQZW8WVYTJ44YHFTKS124G0S,615-nzh-853,1.70E+12,1.69E+12,UNABLE TO DELIVER
01HQZW8WVZ47BCV0019AEND02K,772-ufe-079,1.70E+12,1.69E+12,DELIVERED
01HQZW8WW07SF5016ZTH283GCY,603-hin-619,1.70E+12,1.69E+12,UNABLE TO DELIVER
01HQZW8WW1ZQEW4YBKV66DGATX,641-fti-421,1.70E+12,1.70E+12,DELIVERED
01HQZW8WW2E8R3ZEH5B3025TVT,737-qac-166,1.69E+12,1.69E+12,DELIVERED
01HQZW8WW36AGZ1PH0BBJNY8K2,129-pkl-469,1.69E+12,1.71E+12,DELIVERED
01HQZW8WW4HX5GXY4ZT2FXGRC6,747-mhr-481,1.69E+12,1.69E+12,DELIVERED
01HQZW8WW5DMSVSYHNP7YA52PK,868-mvi-500,1.68E+12,1.70E+12,DELIVERED
01HQZW8WW6SNPN4ENWVHSSCHN8,878-viq-016,1.70E+12,1.69E+12,DISPATCHED
01HQZW8WW8BNPWEQ48EFEVE3N6,957-zbq-644,1.71E+12,1.69E+12,DISPATCHED
01HQZW8WW9K2Y2756R281GNKSS,131-vhq-884,1.70E+12,1.69E+12,UNABLE TO DELIVER
01HQZW8WWAK1P6GDTSSZSFZY8T,961-hot-111,1.69E+12,1.69E+12,DELIVERED
01HQZW8WWBQRRAG1WN1D8X39Y9,061-teg-670,1.70E+12,1.68E+12,DISPATCHED
01HQZW8WWC8VN8CM3AE2SSPK4W,868-pip-225,1.69E+12,1.70E+12,DISPATCHED
01HQZW8WWD6ZD5Z3FBCB7TYZAR,049-czk-391,1.70E+12,1.71E+12,UNABLE TO DELIVER
01HQZW8WWE09RW959R6D7GXE79,915-szj-812,1.69E+12,1.69E+12,UNABLE TO DELIVER
01HQZW8WWFPJJGV6ENMG0N3V2P,593-ftb-103,1.71E+12,1.71E+12,DELIVERED
01HQZW8WWGGZ1WKX29SZD8BJZ1,697-dta-352,1.68E+12,1.69E+12,DISPATCHED
01HQZW8WWHVJGFH05MXC083G2B,940-tud-674,1.70E+12,1.71E+12,DELIVERED
01HQZW8WWJ0WZ3KD1EGKR7VCXK,258-bkd-225,1.70E+12,1.68E+12,UNABLE TO DELIVER
01HQZW8WWKAY09QME4GK8RE4S0,634-dpo-605,1.70E+12,1.69E+12,DISPATCHED
01HQZW8WWMF40YVSVWMCZ1BCY3,470-bic-162,1.69E+12,1.69E+12,DISPATCHED
01HQZW8WWN6Q4T1M2K2YRKZ5FZ,461-qry-471,1.69E+12,1.69E+12,UNABLE TO DELIVER
01HQZW8WWPETSXYPW87ZF4W7T0,444-tor-398,1.70E+12,1.71E+12,DISPATCHED
01HQZW8WWRHXQWZ68G9E2PMHR6,508-zdm-427,1.69E+12,1.69E+12,UNABLE TO DELIVER
01HQZW8WWS5J9675JY8X23QWQ4,229-wfo-401,1.68E+12,1.68E+12,DELIVERED
01HQZW8WWTXQQJCK50AKDK4VX9,993-pxj-056,1.68E+12,1.69E+12,DELIVERED
01HQZW8WWVWN1XDC2G7A8F7PCZ,193-qxw-481,1.70E+12,1.69E+12,DISPATCHED
01HQZW8WWW1801PM5H0T174TMS,459-gqh-178,1.69E+12,1.69E+12,DELIVERED
01HQZW8WWXMQGXJFCY39785BAV,947-psw-757,1.68E+12,1.68E+12,DELIVERED
01HQZW8WWXFX88PZ8ZRDYM53G3,069-qzg-788,1.68E+12,1.69E+12,UNABLE TO DELIVER
01HQZW8WWYCATN607YHNPJRC43,379-qyb-057,1.68E+12,1.69E+12,UNABLE TO DELIVER
01HQZW8WWZRBYBFSD2E5XFW7F2,620-irw-614,1.69E+12,1.69E+12,DISPATCHED
01HQZW8WX0HXYDT101MNGCTBQE,689-jrs-304,1.70E+12,1.70E+12,DISPATCHED
01HQZW8WX1B8M92QXY7KDMQY2Q,915-gye-952,1.68E+12,1.68E+12,DELIVERED
01HQZW8WX2J20E6E9C6PFP8GBC,116-qju-785,1.71E+12,1.68E+12,DELIVERED
01HQZW8WX3YV9H0HBGH3X4NNTA,004-aes-414,1.68E+12,1.69E+12,UNABLE TO DELIVER
01HQZW8WX44ERBSX1W0QZZ4170,608-qmj-504,1.69E+12,1.69E+12,UNABLE TO DELIVER
01HQZW8WX5GDS28QQS15XEEC47,291-fjb-921,1.68E+12,1.70E+12,UNABLE TO DELIVER
01HQZW8WX68RMK0TF49F7ZB28K,311-fnt-675,1.69E+12,1.68E+12,DISPATCHED
01HQZW8WX7M1XGXNSZ94N663F5,425-ore-498,1.68E+12,1.69E+12,UNABLE TO DELIVER
01HQZW8WX8CJ7YCK0PHG44C73Q,033-yew-576,1.70E+12,1.69E+12,DISPATCHED
01HQZW8WX96262RXJB3NGHYKTK,168-szh-746,1.71E+12,1.69E+12,UNABLE TO DELIVER
01HQZW8WXAZ16D7J4HHZJMHXF3,200-txv-821,1.68E+12,1.71E+12,DISPATCHED
01HQZW8WXBACA4J5KV7T1HS88Q,620-rmp-498,1.70E+12,1.69E+12,DELIVERED
01HQZW8WXCWAY2WNFRSC33KCAP,749-khj-973,1.69E+12,1.68E+12,UNABLE TO DELIVER
01HQZW8WXDJ2KQE6ZK8CYMXFTT,714-btq-375,1.68E+12,1.71E+12,UNABLE TO DELIVER
01HQZW8WXDMG7HSV9RJXP26WW8,113-htl-124,1.69E+12,1.69E+12,DELIVERED
01HQZW8WXDR1RPDVK2TX4ZYXZR,976-gfd-663,1.70E+12,1.70E+12,DISPATCHED
01HQZW8WXEQ3KHMBVQ5WE86RGX,180-bbm-865,1.69E+12,1.68E+12,DISPATCHED
01HQZW8WXE7AXD2QFSDP592KG3,115-pva-925,1.70E+12,1.70E+12,UNABLE TO DELIVER
01HQZW8WXF2XWY20K62N8NC571,412-eab-724,1.70E+12,1.70E+12,DELIVERED
01HQZW8WXF4RA3MSJFW38J4W6J,666-fhg-367,1.70E+12,1.69E+12,DELIVERED
01HQZW8WXGCB2ZF14AXYK2N37C,646-hex-659,1.69E+12,1.70E+12,DELIVERED
01HQZW8WXHZJ0FJXE3HME1SVZH,647-frr-621,1.70E+12,1.69E+12,UNABLE TO DELIVER
01HQZW8WXJZECBMBRWXR1VNKFE,334-icc-420,1.70E+12,1.68E+12,UNABLE TO DELIVER
01HQZW8WXK1HJM0NCDRDZXKZP5,314-ivq-614,1.69E+12,1.68E+12,DELIVERED
01HQZW8WXM4ZYVZ6AWN2F2RPVW,782-asf-549,1.70E+12,1.70E+12,DISPATCHED
01HQZW8WXNGKADKNBFRRVN9GS7,512-qfg-926,1.68E+12,1.68E+12,DISPATCHED
01HQZW8WXPVR236WX59BAQAT1R,913-lld-914,1.68E+12,1.70E+12,DELIVERED
01HQZW8WXQDHQXNN3WFTYZB3KJ,458-xhf-202,1.70E+12,1.68E+12,DELIVERED
01HQZW8WXRS0DHYWQ618G03MX3,716-ptp-492,1.68E+12,1.68E+12,DELIVERED
01HQZW8WXSK2FJDKXFCDDPSYHA,935-tvr-160,1.69E+12,1.70E+12,DELIVERED
01HQZW8WXTWTT46NJ8QVXTQAPF,733-nzf-819,1.68E+12,1.69E+12,DELIVERED
01HQZW8WXWZXPCABYVVM4MN8G0,397-mko-480,1.69E+12,1.70E+12,DELIVERED
01HQZW8WXX1DECCG8Q2DNEP6J0,402-iqu-632,1.69E+12,1.70E+12,UNABLE TO DELIVER
01HQZW8WXYSKTFE8TWKJMQ98G4,092-mfg-801,1.70E+12,1.69E+12,DELIVERED
01HQZW8WXYYYFV5C6K1P3EE6C8,807-ztr-264,1.71E+12,1.69E+12,DELIVERED
01HQZW8WXZ8DSTA1RY1AY3S2NX,709-beq-576,1.68E+12,1.69E+12,DISPATCHED
01HQZW8WY0VFREP2F6H9ZCKBFC,561-bvq-400,1.68E+12,1.69E+12,DISPATCHED
01HQZW8WY18FW18AEZKDG3GVN5,746-bwt-717,1.70E+12,1.70E+12,UNABLE TO DELIVER
01HQZW8WY2X9PVY4041MH4AWR7,956-uhn-643,1.69E+12,1.68E+12,DISPATCHED
01HQZW8WY31N35TTHN6531MS2D,127-yrg-837,1.68E+12,1.71E+12,DELIVERED
01HQZW8WY45AV1KTYDAT06SPGP,433-bep-538,1.70E+12,1.71E+12,DELIVERED
01HQZW8WY4KT63FM3G4SRT4FEG,888-cwv-920,1.69E+12,1.70E+12,DELIVERED
01HQZW8WY5YJ309H7PJBTDNWSY,388-xtk-484,1.68E+12,1.69E+12,DELIVERED
01HQZW8WY54DYEWD8XFYTR9CV6,620-nug-434,1.68E+12,1.68E+12,UNABLE TO DELIVER
01HQZW8WY6K275R96ERA79P46E,309-xre-134,1.68E+12,1.70E+12,DISPATCHED
01HQZW8WY6HMPZPTM60430DG98,802-oky-713,1.69E+12,1.70E+12,DELIVERED
01HQZW8WY6FEW1BANG66EK1Y70,764-hwy-594,1.68E+12,1.68E+12,DISPATCHED
01HQZW8WY707DD3VV53C730JN1,724-qhy-942,1.70E+12,1.71E+12,DISPATCHED
01HQZW8WY750PJEPW4JH1VDNK3,431-reo-045,1.69E+12,1.69E+12,UNABLE TO DELIVER
01HQZW8WY899XH51NFB8HVWVMF,435-ndh-910,1.70E+12,1.69E+12,DELIVERED
01HQZW8WY8BHB4CDBM5XJTHPTJ,900-hbu-590,1.70E+12,1.70E+12,UNABLE TO DELIVER
01HQZW8WY834P0JEM12RC3BYVC,854-jqb-037,1.68E+12,1.70E+12,DELIVERED
01HQZW8WY9S8Z95WWGJTMPH4AZ,975-pnn-221,1.68E+12,1.71E+12,DISPATCHED
01HQZW8WY9PXHQRA9N1D4AC0GG,238-jfr-508,1.70E+12,1.68E+12,DISPATCHED
01HQZW8WYAKTMYTYSD2ARAZH57,810-hed-250,1.70E+12,1.70E+12,DISPATCHED
01HQZW8WYANBGZVQ4KQKJWZ7WR,245-hpr-945,1.69E+12,1.70E+12,UNABLE TO DELIVER
01HQZW8WYA6CZ3FTGXF3NVYFA5,367-xit-228,1.70E+12,1.70E+12,DISPATCHED
01HQZW8WYBK8BFT1TPV5K62HCR,040-pbd-700,1.68E+12,1.70E+12,UNABLE TO DELIVER
01HQZW8WYBNRZAKZ3CEM1FECRC,620-tie-419,1.68E+12,1.70E+12,DELIVERED
01HQZW8WYCTMZCFGZ3ED4ZG60S,113-wec-808,1.68E+12,1.68E+12,DELIVERED
01HQZW8WYD8XW1Q5BA6F0SAB8P,125-scc-620,1.69E+12,1.69E+12,UNABLE TO DELIVER
01HQZW8WYD34175A7G28VXG4ZQ,546-ouk-625,1.69E+12,1.68E+12,DISPATCHED
01HQZW8WYDV2VKGSGS65QS06V0,999-lcl-852,1.68E+12,1.69E+12,UNABLE TO DELIVER
01HQZW8WYE7ZHMHA8GCQ5BKZPA,115-upo-809,1.69E+12,1.68E+12,UNABLE TO DELIVER
01HQZW8WYE45R3YYNZDQQPPBTS,485-pfj-650,1.69E+12,1.69E+12,DELIVERED
01HQZW8WYFGWXPG2DGPBGFCE8C,856-scc-510,1.70E+12,1.69E+12,DELIVERED
01HQZW8WYFS28BTAW48E0WV4RP,521-ecn-463,1.70E+12,1.68E+12,UNABLE TO DELIVER
01HQZW8WYFQEXS7V1TJHGC4FTZ,315-coo-031,1.70E+12,1.69E+12,UNABLE TO DELIVER
01HQZW8WYGYMWSJ94J64A7FN8C,052-znq-917,1.70E+12,1.70E+12,UNABLE TO DELIVER
01HQZW8WYG8D0KMD9GJFTVFWJS,395-oku-826,1.69E+12,1.68E+12,UNABLE TO DELIVER
01HQZW8WYHSM4TQFM1YHTA7T56,765-rrl-101,1.71E+12,1.70E+12,UNABLE TO DELIVER
01HQZW8WYHAJS26RVYD6T61ZVQ,811-nub-978,1.69E+12,1.68E+12,DISPATCHED
01HQZW8WYJ9FSM04D31N9Y4SJ7,701-qbe-747,1.68E+12,1.69E+12,DISPATCHED
01HQZW8WYJWZJY898KV47P0MVC,371-dhk-456,1.68E+12,1.70E+12,UNABLE TO DELIVER
01HQZW8WYJ8QK4612MX9J61N6B,557-agy-638,1.70E+12,1.68E+12,DISPATCHED
01HQZW8WYKKD7DD8XNWBYJQFDX,244-ink-044,1.71E+12,1.69E+12,UNABLE TO DELIVER
01HQZW8WYM7DNJNCHKYAW1MSTW,493-xhl-698,1.69E+12,1.69E+12,DELIVERED
01HQZW8WYM25RK3Q3SB5MRSSN1,206-eia-281,1.71E+12,1.68E+12,DELIVERED
01HQZW8WYNRK269V8XTBK87BQ5,075-dnk-451,1.68E+12,1.70E+12,DELIVERED
01HQZW8WYNCXNSSX3A2SQX9F2W,870-ytx-296,1.70E+12,1.70E+12,UNABLE TO DELIVER
01HQZW8WYNFKED05F55DK5CWFP,448-zdw-310,1.69E+12,1.69E+12,DISPATCHED
01HQZW8WYPF0W9CQ6MF2D3X33J,109-bkl-541,1.69E+12,1.68E+12,UNABLE TO DELIVER
01HQZW8WYPDNNM1HX69RJWPFRS,565-cpm-005,1.68E+12,1.69E+12,DISPATCHED
01HQZW8WYQEXYRSDDQHNA17EHS,368-bcn-507,1.68E+12,1.68E+12,UNABLE TO DELIVER
01HQZW8WYR8RCPR8M20RFA24CG,353-clw-589,1.70E+12,1.68E+12,DISPATCHED
01HQZW8WYR64XJHMEHJNQR1EPF,019-zeq-029,1.68E+12,1.69E+12,DELIVERED
01HQZW8WYSAJF1B4K94CJW7J2N,278-aiu-300,1.69E+12,1.69E+12,DELIVERED
01HQZW8WYSVPJGJMGYBGZB4VBE,951-wyt-684,1.70E+12,1.68E+12,DELIVERED
01HQZW8WYTM3JJTKAYKW0DN3E8,210-rje-975,1.71E+12,1.69E+12,DELIVERED
01HQZW8WYT8H9823S1TSVP90J0,880-gpa-985,1.70E+12,1.69E+12,DELIVERED
01HQZW8WYTAG5XHBF319DX44WR,984-cmh-533,1.70E+12,1.68E+12,UNABLE TO DELIVER
01HQZW8WYVMRS3A53F476WAAGE,428-mzr-615,1.68E+12,1.69E+12,DISPATCHED
01HQZW8WYVSZQ34GQ85BCV6EQ4,957-ltv-604,1.71E+12,1.69E+12,DELIVERED
01HQZW8WYWG3KWB7EVPGKKMMZ6,479-tpv-137,1.69E+12,1.69E+12,DELIVERED
01HQZW8WYWY71DET7XQ098PWDN,119-zmu-812,1.69E+12,1.71E+12,UNABLE TO DELIVER
01HQZW8WYXB11EJMR0KHXRM0RZ,785-sjx-672,1.70E+12,1.70E+12,DISPATCHED
01HQZW8WYX9A5TCE1HQV03TXAK,417-ojy-940,1.68E+12,1.69E+12,UNABLE TO DELIVER
01HQZW8WYY263SRG4EWT9T2NZC,854-lqx-602,1.70E+12,1.71E+12,DELIVERED
01HQZW8WYYH23JC1ZW1KW8HWKE,627-wai-858,1.69E+12,1.70E+12,UNABLE TO DELIVER
01HQZW8WYZ4JWS0ZJ0XA9M0WGQ,417-rgj-239,1.70E+12,1.71E+12,DELIVERED
01HQZW8WZ0PNF7Y9V1NKR8DVRX,491-dsn-648,1.69E+12,1.70E+12,DISPATCHED
01HQZW8WZ1BS4EGPB9QDEQ3NSM,463-gol-857,1.69E+12,1.71E+12,DISPATCHED
01HQZW8WZ1WF86KY7FW388A9DA,093-zbn-894,1.70E+12,1.68E+12,DELIVERED
01HQZW8WZ21XFX16REEYXGT6ER,133-rxv-373,1.68E+12,1.69E+12,UNABLE TO DELIVER
01HQZW8WZ3NB57JRTMKF460JWF,972-rsg-289,1.69E+12,1.70E+12,UNABLE TO DELIVER
01HQZW8WZ40HMRKQG1PJZN0KD6,004-ugz-427,1.68E+12,1.70E+12,DELIVERED
01HQZW8WZ50QWHDBGR5DP7D032,048-qku-845,1.68E+12,1.68E+12,DELIVERED
01HQZW8WZ66NHJ54M17A5PYCS5,788-lem-921,1.70E+12,1.68E+12,UNABLE TO DELIVER
01HQZW8WZ7TGSYCDHFFZHM6MJ1,083-pqx-013,1.70E+12,1.69E+12,UNABLE TO DELIVER
01HQZW8WZ8JX7Y1TKRTZ4MP9YP,761-bnz-598,1.70E+12,1.69E+12,UNABLE TO DELIVER
01HQZW8WZ9XMYMNH47Y6N1WWH0,460-lyz-448,1.68E+12,1.70E+12,DISPATCHED
01HQZW8WZARGVAZ2985B1M6TZJ,653-bgq-775,1.68E+12,1.69E+12,UNABLE TO DELIVER
01HQZW8WZBXPPP1DPA1ZPBYZ5S,795-ggu-225,1.71E+12,1.69E+12,UNABLE TO DELIVER
01HQZW8WZCCP9V5XA72WG0MMYV,691-dwn-967,1.70E+12,1.71E+12,DISPATCHED
01HQZW8WZDND4G910RH2GP8ESX,776-ifq-714,1.70E+12,1.71E+12,DELIVERED
01HQZW8WZDGCR1YYX916DAKX86,054-bhl-740,1.70E+12,1.68E+12,DELIVERED
01HQZW8WZE19K76ZG03ATXX7VF,602-xwo-613,1.69E+12,1.70E+12,DISPATCHED
01HQZW8WZF18P060Q59V0YZH82,573-jbz-906,1.69E+12,1.69E+12,DELIVERED
01HQZW8WZG9MHN161Z462J58RD,063-wac-886,1.69E+12,1.70E+12,DELIVERED
01HQZW8WZHFQPNDYERRFYEPA5Y,319-kur-874,1.70E+12,1.70E+12,UNABLE TO DELIVER
01HQZW8WZHGBH73F6XJ6963DYT,301-pjg-745,1.70E+12,1.70E+12,DELIVERED
01HQZW8WZJWP9H7Y0JEPCEMC3Q,533-tuu-626,1.68E+12,1.69E+12,DELIVERED
01HQZW8WZJ5FGK7DVE5HJ7RXT1,240-qgf-457,1.70E+12,1.69E+12,UNABLE TO DELIVER
01HQZW8WZJN6QT54C8839FQ4F4,447-foo-811,1.68E+12,1.70E+12,DISPATCHED
01HQZW8WZM8WXD35RV7YRS5S77,137-the-164,1.70E+12,1.69E+12,UNABLE TO DELIVER
01HQZW8WZM3K0HS14DCVZ04X8B,907-vcw-140,1.71E+12,1.69E+12,DELIVERED
01HQZW8WZNYSV3328M6VQ5QZTD,750-qkl-572,1.69E+12,1.69E+12,DISPATCHED
01HQZW8WZNFKC8GHVXB9H02S8T,047-wzc-392,1.70E+12,1.69E+12,UNABLE TO DELIVER
01HQZW8WZPW91HGM5T41GN9C6W,976-hdi-292,1.69E+12,1.69E+12,DELIVERED
01HQZW8WZPDR4SPESAHQ1CVA5B,332-tvc-167,1.68E+12,1.69E+12,DELIVERED
01HQZW8WZQ3NFSMRZANEKCJVQ8,412-ysi-859,1.68E+12,1.71E+12,DISPATCHED
01HQZW8WZRKNDEJMXA62BKD4Y0,068-odc-089,1.68E+12,1.69E+12,DISPATCHED
01HQZW8WZSSXHZDSRFG10H3HJX,605-xir-832,1.70E+12,1.69E+12,DELIVERED
01HQZW8WZSQTYQYPTKGDJ7EQFN,353-vgp-862,1.70E+12,1.70E+12,UNABLE TO DELIVER
01HQZW8WZT77A8XRHTZ1QRWTD0,665-pae-432,1.69E+12,1.70E+12,DISPATCHED
01HQZW8WZTB5F033MEA77JBKDQ,120-lli-761,1.71E+12,1.71E+12,DELIVERED
01HQZW8WZV54QMNAWVCKJVWGJ4,662-edd-119,1.68E+12,1.71E+12,DISPATCHED
01HQZW8WZVRSQFGGZ90JZV2CQB,509-yqp-195,1.68E+12,1.68E+12,DELIVERED
01HQZW8WZXA4JKHYEDMRPCVF32,399-iou-722,1.68E+12,1.70E+12,DISPATCHED
01HQZW8WZYJX1NVKVSYN7REAX3,807-vul-807,1.68E+12,1.68E+12,UNABLE TO DELIVER
01HQZW8WZYZX8N042SH82NANZK,580-zdi-782,1.71E+12,1.71E+12,DELIVERED
01HQZW8WZZZRPRWV94Z74BQ6C6,078-bzx-049,1.70E+12,1.69E+12,DISPATCHED
01HQZW8X00ENP37PWN2F09KMYV,715-aro-438,1.70E+12,1.69E+12,DELIVERED
01HQZW8X01T78AS70P7K8HB0FX,212-als-877,1.70E+12,1.69E+12,DELIVERED
01HQZW8X01ZYPJX2BPFK9V38NT,086-xeo-876,1.69E+12,1.69E+12,UNABLE TO DELIVER
01HQZW8X025QS4DJ9NBK2HMW9C,215-geo-781,1.69E+12,1.68E+12,DISPATCHED
01HQZW8X02CHJ43Q8WWR9GG42Q,369-hax-160,1.69E+12,1.68E+12,DISPATCHED
01HQZW8X02YTVY92SQ8YZQ9601,872-nmf-368,1.70E+12,1.69E+12,DISPATCHED
01HQZW8X037934YRTMGN0QTE5X,831-zdi-678,1.69E+12,1.68E+12,UNABLE TO DELIVER
01HQZW8X030NQH8PH8VSK1HEV4,475-sca-690,1.68E+12,1.70E+12,DELIVERED
01HQZW8X04SWGR1ED52K0K3WXM,912-xyz-230,1.68E+12,1.68E+12,DISPATCHED
01HQZW8X04QVX7B30PKNT4KFMV,747-jlo-808,1.70E+12,1.68E+12,DELIVERED
01HQZW8X05246TE8X048R8R3G3,921-kar-516,1.69E+12,1.69E+12,DISPATCHED
01HQZW8X0569N12MAGH97RWWV0,364-rgl-024,1.68E+12,1.69E+12,DISPATCHED
01HQZW8X05MSV0946GBV7BTNZA,733-yqs-135,1.68E+12,1.69E+12,UNABLE TO DELIVER
01HQZW8X06EYKPNT2XWKHPK3K9,519-qhr-444,1.68E+12,1.70E+12,DELIVERED
01HQZW8X06TGHXPD8DFVQ0CWED,471-bnh-620,1.69E+12,1.70E+12,UNABLE TO DELIVER
01HQZW8X07NRQYRHKZ06RSBSRZ,296-ome-474,1.70E+12,1.71E+12,DELIVERED
01HQZW8X07J3WXANWZED0MVEKN,513-ief-293,1.70E+12,1.68E+12,DELIVERED
01HQZW8X07TK53NCKFV9WFM7G8,283-zph-751,1.69E+12,1.68E+12,DELIVERED
01HQZW8X08MM09NR4P9H3S44ZT,034-lyb-988,1.69E+12,1.70E+12,DELIVERED
01HQZW8X08MZQG2N8X5MB6FKQS,165-xzm-738,1.70E+12,1.70E+12,DISPATCHED
01HQZW8X09SRJT4A3A7X6CA8BX,843-vzx-564,1.68E+12,1.68E+12,DELIVERED
01HQZW8X09J8V5ZEMB458KEMH4,336-yod-979,1.70E+12,1.69E+12,UNABLE TO DELIVER
01HQZW8X0913NCH7516EYWRTY8,108-ovq-217,1.69E+12,1.70E+12,UNABLE TO DELIVER
01HQZW8X0ANVCEFS6YNV6G48AR,124-pog-087,1.70E+12,1.71E+12,DISPATCHED
01HQZW8X0A45GSQ0K10TMFE6QT,019-kqg-232,1.70E+12,1.69E+12,DELIVERED
01HQZW8X0BNX3J25KSSE19QESK,136-osj-160,1.68E+12,1.70E+12,DISPATCHED
01HQZW8X0BADX7V0K6Z80K64K6,162-ssp-457,1.70E+12,1.70E+12,UNABLE TO DELIVER
01HQZW8X0BFKZ1W4D2TKQQS3ZV,171-ryi-182,1.68E+12,1.69E+12,UNABLE TO DELIVER
01HQZW8X0C8NCTETDRMSY5GXKE,742-lgk-038,1.68E+12,1.70E+12,DISPATCHED
01HQZW8X0CHJFQCGKMRB2ZB53G,733-rtq-002,1.70E+12,1.68E+12,UNABLE TO DELIVER
01HQZW8X0DR4G7Z51D7RR0J7XD,414-suz-171,1.70E+12,1.69E+12,DISPATCHED
01HQZW8X0DHGE55PQBX1YXEP01,080-svr-254,1.69E+12,1.69E+12,UNABLE TO DELIVER
01HQZW8X0DMNA4KH3F73GKMD4H,287-pks-352,1.70E+12,1.70E+12,DELIVERED
01HQZW8X0ESEF7V24079SD862E,511-ohh-448,1.68E+12,1.70E+12,UNABLE TO DELIVER
01HQZW8X0EV5KP8CEYNHH8TFKT,898-bqd-516,1.70E+12,1.69E+12,DISPATCHED
01HQZW8X0F24PHNJQP7R0SP013,680-xfg-448,1.70E+12,1.68E+12,UNABLE TO DELIVER
01HQZW8X0FKXRZSNQCBH3J2W92,006-gpl-324,1.70E+12,1.70E+12,UNABLE TO DELIVER
01HQZW8X0GFX5ETNE9RD8AMPBC,905-igc-885,1.70E+12,1.68E+12,DELIVERED
01HQZW8X0GK1F3WRKB96NV7YHE,136-ors-741,1.71E+12,1.68E+12,DELIVERED
01HQZW8X0G3BFA7BPSV4W26MB8,999-tbt-890,1.69E+12,1.69E+12,DELIVERED
01HQZW8X0HGG8GN699B2CNBZPF,310-yup-842,1.69E+12,1.70E+12,DISPATCHED
01HQZW8X0H1DDWRAK4VREVF05V,941-rgk-336,1.68E+12,1.70E+12,DISPATCHED
01HQZW8X0J472KV8BHGQD6E969,811-sun-564,1.70E+12,1.68E+12,DISPATCHED
01HQZW8X0JK7WXHG5PQBF4QBGW,919-ryb-789,1.68E+12,1.68E+12,DISPATCHED
01HQZW8X0J5W4S41Q8G2CZ05Y8,766-lyd-948,1.68E+12,1.68E+12,DELIVERED
01HQZW8X0KVG2192N2FSX0AKAD,009-dwh-614,1.68E+12,1.71E+12,UNABLE TO DELIVER
01HQZW8X0KDX5PK62F6NXJ41FS,565-wni-387,1.70E+12,1.70E+12,UNABLE TO DELIVER
01HQZW8X0MBKFG1A0DPDW1JNE9,526-gsd-293,1.69E+12,1.69E+12,DELIVERED
01HQZW8X0M483893HS8MBG1B97,365-rgx-036,1.71E+12,1.69E+12,DISPATCHED
01HQZW8X0MDPCKTM5M1W98VSSE,827-onq-350,1.71E+12,1.68E+12,DELIVERED
01HQZW8X0NGFCCP2W48GF5E146,944-gqp-862,1.69E+12,1.69E+12,UNABLE TO DELIVER
01HQZW8X0NT4A38H4J1MGY7YRJ,392-zqq-724,1.69E+12,1.70E+12,UNABLE TO DELIVER
01HQZW8X0P82AZW44ZVZNJ0M4W,728-lnf-985,1.69E+12,1.68E+12,DISPATCHED
01HQZW8X0PA5A8NEMZ9BRW93J4,018-jbj-102,1.70E+12,1.70E+12,DELIVERED
01HQZW8X0P8TE6VAKE2YH9MY51,472-imp-495,1.70E+12,1.70E+12,DISPATCHED
01HQZW8X0QBWEM5SPYC84YCJ87,665-noi-523,1.68E+12,1.68E+12,DISPATCHED
01HQZW8X0Q21YKQVRG0HQP0PTF,236-eyt-238,1.70E+12,1.68E+12,DELIVERED
01HQZW8X0RP0S24PRTK09QCF7P,101-yje-123,1.69E+12,1.69E+12,DELIVERED
01HQZW8X0RVDH2XARJBBZH10GV,878-qfy-476,1.71E+12,1.69E+12,DISPATCHED
01HQZW8X0SWYEGNZP9R1GDXQDW,534-icu-126,1.70E+12,1.70E+12,DELIVERED
01HQZW8X0SCWB4DAQ3SEB54CW1,314-hqc-158,1.69E+12,1.68E+12,UNABLE TO DELIVER
01HQZW8X0STVSFP8J3RB3GGFT8,607-ulm-755,1.69E+12,1.70E+12,DELIVERED
01HQZW8X0T2C5Z3XZBET6E6VSN,259-hyo-474,1.70E+12,1.70E+12,DISPATCHED
01HQZW8X0TBVG0YSF3426QHJTC,498-qxx-785,1.69E+12,1.71E+12,DISPATCHED
01HQZW8X0VG96P3R46HSTK72JM,049-rbv-082,1.69E+12,1.69E+12,DELIVERED
01HQZW8X0VNYGWG3VRPTFVKHW7,820-bny-348,1.68E+12,1.69E+12,DISPATCHED
01HQZW8X0VC4N94HT6V8WQMZN2,979-xyr-239,1.68E+12,1.70E+12,DELIVERED
01HQZW8X0W7ZX4GDCNBM4MNTCM,792-cjw-522,1.68E+12,1.68E+12,DELIVERED
01HQZW8X0WW0KG0XH1S4AFMTAJ,856-qmo-953,1.70E+12,1.70E+12,UNABLE TO DELIVER
01HQZW8X0XRMFDQFAZSJ74ND9D,978-rdh-571,1.68E+12,1.70E+12,DISPATCHED
01HQZW8X0X7JN45KXDAMBP4STP,772-lsb-972,1.69E+12,1.69E+12,UNABLE TO DELIVER
01HQZW8X0XEA6G0MW6HZJA4Y3E,242-quh-961,1.70E+12,1.68E+12,UNABLE TO DELIVER
01HQZW8X0Y0R398KWXMTVHCBZ4,040-wwz-147,1.70E+12,1.70E+12,DELIVERED
01HQZW8X0YKS6AVVH0ZWTW95NG,484-ehe-498,1.68E+12,1.68E+12,UNABLE TO DELIVER
01HQZW8X0Z3F3YSN6P7G13N2AN,842-idy-063,1.69E+12,1.69E+12,DELIVERED
01HQZW8X0Z1EQ8A8B343B8PDY3,766-wlr-584,1.69E+12,1.68E+12,DELIVERED
01HQZW8X10JVH1NBXHVDKAHYVA,378-dzz-167,1.68E+12,1.68E+12,UNABLE TO DELIVER
01HQZW8X10EM0VXWS1XKKJ957X,253-kxg-469,1.70E+12,1.69E+12,UNABLE TO DELIVER
01HQZW8X10KH0HWGWM6XS2QDJG,945-ywb-899,1.70E+12,1.70E+12,DISPATCHED
01HQZW8X11HP2PTE9S1ACJ6XC8,931-gtl-312,1.68E+12,1.70E+12,DELIVERED
01HQZW8X11VBY9E2F3KGE445YD,671-gwv-632,1.70E+12,1.68E+12,DISPATCHED
01HQZW8X12E1YWPMX8D085VSVP,254-kfn-361,1.69E+12,1.69E+12,UNABLE TO DELIVER
01HQZW8X12HGFB7Z747C726N9X,469-nhp-408,1.69E+12,1.70E+12,UNABLE TO DELIVER
01HQZW8X12C6MSG11ERPY31Y1G,476-rnw-957,1.69E+12,1.71E+12,DELIVERED
01HQZW8X139N43E9WD5M8A2CQV,914-mja-524,1.69E+12,1.70E+12,UNABLE TO DELIVER
01HQZW8X13HD2RE1RV5VJHF8JD,255-wqf-271,1.69E+12,1.70E+12,DISPATCHED
01HQZW8X142EM95VH8WQ9DX241,651-mmb-608,1.69E+12,1.70E+12,DELIVERED
01HQZW8X14KV9R3YPBEWD084JZ,316-mje-116,1.69E+12,1.68E+12,UNABLE TO DELIVER
01HQZW8X14AY4G5DSDFN4ZA5TM,297-ukc-015,1.70E+12,1.69E+12,DISPATCHED
01HQZW8X15SK81GB4C4GWQRJPY,249-kpw-151,1.68E+12,1.69E+12,DISPATCHED
01HQZW8X15HTRY14J20S1ETHJH,465-tbs-102,1.70E+12,1.68E+12,DELIVERED
01HQZW8X16DVWTSTQQA3Y24QXG,914-zds-070,1.70E+12,1.68E+12,DISPATCHED
01HQZW8X16VSGTN1H6CWZSS2W3,428-jbb-168,1.68E+12,1.71E+12,DISPATCHED
01HQZW8X161WHB6G494S1Y4TM9,180-bxi-379,1.70E+12,1.70E+12,UNABLE TO DELIVER
01HQZW8X174Z9QES3KVFV107XQ,199-xtw-330,1.68E+12,1.70E+12,UNABLE TO DELIVER
01HQZW8X17WWPN6BAGSG455VQG,962-odh-076,1.69E+12,1.68E+12,DELIVERED
01HQZW8X188BNQEDS486TEYJWR,934-lzp-426,1.69E+12,1.69E+12,DELIVERED
01HQZW8X18MWV72RMTBK7CNQJY,826-enr-178,1.68E+12,1.70E+12,DELIVERED
01HQZW8X18FA0HQPHDDGW0P2VF,316-eui-819,1.70E+12,1.70E+12,UNABLE TO DELIVER
01HQZW8X19D68BZCS1E59R11XV,926-ggg-319,1.69E+12,1.70E+12,DELIVERED
01HQZW8X19X2SBHJANB3FM91FZ,674-tot-945,1.70E+12,1.69E+12,DELIVERED
01HQZW8X1AM2CYFATETMH8BYQ4,202-wee-093,1.68E+12,1.69E+12,DELIVERED
01HQZW8X1AVQPMMG27GG7WBZ89,177-mov-812,1.69E+12,1.68E+12,DISPATCHED
01HQZW8X1A4NBQXTK9SD194K62,043-ovs-659,1.68E+12,1.68E+12,UNABLE TO DELIVER
01HQZW8X1BTNH0X00BAET7R7ZH,035-iyi-496,1.69E+12,1.71E+12,DISPATCHED
01HQZW8X1BBH7KPFV80QACHA9A,016-vve-759,1.68E+12,1.70E+12,UNABLE TO DELIVER
01HQZW8X1CF4SE5D1GYQ6RENJZ,150-qvu-891,1.68E+12,1.69E+12,DISPATCHED
01HQZW8X1C5D25BFS5ZTJ1T5ET,005-ojb-984,1.70E+12,1.69E+12,DISPATCHED
01HQZW8X1C5CDWTDGP76CK7QK4,352-bnh-907,1.70E+12,1.70E+12,DISPATCHED
01HQZW8X1DD415767Z945NM2AV,281-yca-503,1.71E+12,1.69E+12,DISPATCHED
01HQZW8X1DK23D9FTGP8YAMJ6F,153-ahe-261,1.68E+12,1.70E+12,DELIVERED
01HQZW8X1EJWXXEN635F3K08F5,744-hdf-963,1.69E+12,1.68E+12,UNABLE TO DELIVER
01HQZW8X1EFWCRWKYEH61ZD9MY,704-bjw-775,1.68E+12,1.69E+12,UNABLE TO DELIVER
01HQZW8X1FWHT184VD1Y5V1MRC,220-jdj-677,1.71E+12,1.68E+12,DELIVERED
01HQZW8X1FBGYEHK3HPX9TGCFJ,821-lyi-359,1.69E+12,1.69E+12,DISPATCHED
01HQZW8X1FRV3FRN5GVYQ57VK6,163-pza-094,1.70E+12,1.70E+12,UNABLE TO DELIVER
01HQZW8X1GM7JXN0WZ2ATM2761,132-yus-806,1.69E+12,1.69E+12,DISPATCHED
01HQZW8X1GFS0ZQVEMA4PWSJBQ,997-pxd-041,1.68E+12,1.68E+12,UNABLE TO DELIVER
01HQZW8X1HQ8NQDZPR6000ED19,544-axp-567,1.69E+12,1.71E+12,DISPATCHED
01HQZW8X1HNB771EZ2QFTR7M6D,450-wmn-036,1.69E+12,1.70E+12,DISPATCHED
01HQZW8X1HVB522ZCT4RJK5S1R,579-rnu-530,1.68E+12,1.70E+12,DELIVERED
01HQZW8X1JC3A0NV6Y73KWM7PQ,311-kbh-348,1.68E+12,1.70E+12,DISPATCHED
01HQZW8X1JPZGS085KYYR7QVM1,423-izc-770,1.71E+12,1.70E+12,UNABLE TO DELIVER
01HQZW8X1K45596AEP95JYH9R4,938-xbv-947,1.69E+12,1.70E+12,UNABLE TO DELIVER
01HQZW8X1KAB8WGC2P6ESJ7FA3,311-iof-842,1.68E+12,1.71E+12,DELIVERED
01HQZW8X1MP9SWAK5JEJSZGRG6,122-mqx-184,1.70E+12,1.69E+12,DELIVERED
01HQZW8X1MTED9Z8ATYCRNFAVP,509-uol-177,1.70E+12,1.69E+12,UNABLE TO DELIVER
01HQZW8X1M21P0R0SCQFHXPDX1,060-thd-315,1.70E+12,1.69E+12,DISPATCHED
01HQZW8X1NAFYR47VDX4TKJX45,465-uox-660,1.69E+12,1.71E+12,UNABLE TO DELIVER
01HQZW8X1NGVNVPW0GQ0KWH134,201-skl-013,1.68E+12,1.68E+12,DISPATCHED
01HQZW8X1N2NRVH66R0DNN0RZ3,284-slx-941,1.70E+12,1.69E+12,DISPATCHED
01HQZW8X1P9C10S2YXMVRQK403,102-zii-973,1.69E+12,1.70E+12,DELIVERED
01HQZW8X1P2NSRQWAF1J6Q26BF,572-etn-617,1.70E+12,1.70E+12,DELIVERED
01HQZW8X1QHQMTS1RD57M7B71X,419-qxj-769,1.69E+12,1.68E+12,DISPATCHED
01HQZW8X1Q9NDHHJ6NMW9G80FP,189-hbj-697,1.70E+12,1.69E+12,DISPATCHED
01HQZW8X1RFYJ3NRDS59GE5678,173-gow-216,1.69E+12,1.69E+12,UNABLE TO DELIVER
01HQZW8X1RG42H5F3XFCYXD6QW,869-jyy-398,1.70E+12,1.70E+12,UNABLE TO DELIVER
01HQZW8X1R2TA8DAEANQ8SSEDS,001-clq-060,1.70E+12,1.68E+12,DISPATCHED
01HQZW8X1SNEE8K7Z5HRFH2H73,647-bdw-131,1.68E+12,1.70E+12,UNABLE TO DELIVER
01HQZW8X1SH9Q52E5QK6YVTMA1,658-wzt-984,1.70E+12,1.68E+12,DISPATCHED
01HQZW8X1T2H7DQJVGZS98D8J0,004-pyz-614,1.69E+12,1.70E+12,DISPATCHED
01HQZW8X1TF8CT2MAEZDSJ1HN4,186-ymu-368,1.69E+12,1.69E+12,DISPATCHED
01HQZW8X1T84CA2X7KNHYHQ4N5,891-wkn-035,1.68E+12,1.68E+12,UNABLE TO DELIVER
01HQZW8X1VZN4G31ZASC1C5PWF,912-zkk-872,1.68E+12,1.68E+12,DISPATCHED
01HQZW8X1VGJJ1DG5PPW9Z9JJ4,883-hyi-021,1.70E+12,1.68E+12,UNABLE TO DELIVER
01HQZW8X1W01QN8W4X1JPF87E2,248-gfb-175,1.70E+12,1.68E+12,DISPATCHED
01HQZW8X1W11AG683B4P115KT4,156-tfs-422,1.70E+12,1.70E+12,UNABLE TO DELIVER
01HQZW8X1XWAQ4PPCBJ8JAQTN2,502-zwo-807,1.68E+12,1.68E+12,DELIVERED
01HQZW8X1XC6QD4BRSN46G9Y03,604-csa-328,1.69E+12,1.69E+12,UNABLE TO DELIVER
01HQZW8X1XBFXGA9NAZQR25YBC,731-csf-926,1.68E+12,1.69E+12,DISPATCHED
01HQZW8X1YHVZ9A1QM61G4WT5R,096-pgq-082,1.69E+12,1.69E+12,DELIVERED
01HQZW8X1Y3VKA6T4A8BJR5JTC,961-fay-223,1.69E+12,1.70E+12,DELIVERED
01HQZW8X1YM57B43EM0K6QFSXN,750-vso-132,1.70E+12,1.69E+12,DISPATCHED
01HQZW8X1ZG2NR9XAWXJVDBNCF,562-oci-825,1.70E+12,1.68E+12,UNABLE TO DELIVER
01HQZW8X1ZS2G8WVB3FQSQWH0P,355-bqg-985,1.69E+12,1.68E+12,DELIVERED
01HQZW8X20NA9BT35EYTVFCP8H,477-jqb-091,1.68E+12,1.68E+12,UNABLE TO DELIVER
01HQZW8X20VYPV0V8YGT7HACMR,745-kjk-107,1.69E+12,1.70E+12,UNABLE TO DELIVER
01HQZW8X21RYH2R64GJ2Z63XRG,854-eoy-630,1.70E+12,1.70E+12,DISPATCHED
01HQZW8X21QRGDD24DSDXG2A05,674-bhn-499,1.70E+12,1.68E+12,DELIVERED
01HQZW8X21H68M8FHPP2M2XQ15,317-ypj-868,1.68E+12,1.68E+12,UNABLE TO DELIVER
01HQZW8X22RVCZ7VE48FCVCVHM,591-wlm-546,1.68E+12,1.70E+12,DELIVERED
01HQZW8X22PRVDJRYK2K4ZMC6A,172-vsx-031,1.70E+12,1.68E+12,DELIVERED
01HQZW8X22SFNPC36HTCPVCMZN,828-iju-928,1.68E+12,1.68E+12,UNABLE TO DELIVER
01HQZW8X23KTTW6W4DDA6DJYWQ,238-rtu-122,1.70E+12,1.70E+12,DELIVERED
01HQZW8X238GSPM7N0XM9JAXM2,565-zpe-996,1.69E+12,1.69E+12,DELIVERED
01HQZW8X24MEDZDMZCX2AADDET,951-orf-905,1.70E+12,1.69E+12,UNABLE TO DELIVER
01HQZW8X246QTPEV0WVTDXB66M,111-jab-263,1.69E+12,1.70E+12,DELIVERED
01HQZW8X25RZRG34FZB5YZRM02,341-prp-527,1.69E+12,1.70E+12,UNABLE TO DELIVER
01HQZW8X26EKNAW00HDWQ9VBJR,680-ybt-406,1.69E+12,1.70E+12,DELIVERED
01HQZW8X2751KX1BMC6C3211RF,937-nsj-337,1.69E+12,1.68E+12,DISPATCHED
01HQZW8X29KA45M858QJKM1T22,847-evt-172,1.69E+12,1.71E+12,UNABLE TO DELIVER
01HQZW8X2A0KF6VDC7D1H21TNT,705-bsi-382,1.70E+12,1.68E+12,DISPATCHED
01HQZW8X2B6PN2V6YQ3JDF1SW8,043-bjq-950,1.68E+12,1.69E+12,DELIVERED
01HQZW8X2CJRN9X9GSCTS321GJ,767-vaj-173,1.69E+12,1.69E+12,UNABLE TO DELIVER
01HQZW8X2DTBDA9B6NNQGQYGYH,426-dtr-654,1.69E+12,1.71E+12,DISPATCHED
01HQZW8X2E8883BNZRWM0YDE93,190-dvv-563,1.69E+12,1.69E+12,UNABLE TO DELIVER
01HQZW8X2FG8BGCJBMT6C3T6EB,730-lng-246,1.68E+12,1.69E+12,DISPATCHED
01HQZW8X2GERF7WG0WPTR00K71,777-qnp-955,1.69E+12,1.70E+12,UNABLE TO DELIVER
01HQZW8X2H7GRJ4KBVGNHNP0T1,983-xro-229,1.70E+12,1.68E+12,UNABLE TO DELIVER
01HQZW8X2J3PHSDR6MSEMR82PD,904-suz-978,1.70E+12,1.69E+12,DELIVERED
01HQZW8X2KZAA6TVQMRE8Z9BRQ,645-xww-142,1.70E+12,1.70E+12,DISPATCHED
01HQZW8X2M5GMPV3ZR202382EJ,331-xzy-086,1.70E+12,1.70E+12,UNABLE TO DELIVER
01HQZW8X2NEZD4N6CAQNH7XZ4C,894-bbu-485,1.69E+12,1.69E+12,UNABLE TO DELIVER
01HQZW8X2P056FQSTMGHMRSGVN,641-nhw-896,1.69E+12,1.71E+12,DELIVERED
01HQZW8X2QK0V7APS6W16PBP4J,102-lqn-371,1.70E+12,1.68E+12,DISPATCHED
01HQZW8X2R0P8BFGVPPD886EG6,831-bbc-180,1.69E+12,1.68E+12,UNABLE TO DELIVER
01HQZW8X2SPCG9QS265HX9VJ1H,072-rev-214,1.70E+12,1.70E+12,DELIVERED
01HQZW8X2T95BFRV8YARJPDD3Z,581-zqt-004,1.70E+12,1.69E+12,DELIVERED
01HQZW8X2TC3XJ4JXRRRAAHAKK,865-amx-732,1.69E+12,1.69E+12,DELIVERED
01HQZW8X2VGSDYV645C15PP4ST,825-vgg-804,1.70E+12,1.69E+12,UNABLE TO DELIVER
01HQZW8X2W0HH7J9AT1CFB110G,946-spa-562,1.70E+12,1.69E+12,DELIVERED
01HQZW8X2X18NETEA5GMD2VESC,775-stg-752,1.70E+12,1.70E+12,DELIVERED
01HQZW8X2YVAKT9HBRD576BPBV,303-dbp-077,1.69E+12,1.68E+12,DELIVERED
01HQZW8X2YD69MW38R5Y8XC99Y,122-xeo-480,1.70E+12,1.68E+12,UNABLE TO DELIVER
01HQZW8X2ZEE28G365K58FA1VD,075-ipf-434,1.70E+12,1.69E+12,DELIVERED
01HQZW8X30R4HK34P2Q3E8KT5G,949-ire-738,1.70E+12,1.69E+12,DELIVERED
01HQZW8X318VB7M7ZM7KQNM5ZY,389-iji-277,1.69E+12,1.69E+12,DELIVERED
01HQZW8X3241AVW9AQ81H4CA69,581-pyk-256,1.69E+12,1.70E+12,DISPATCHED
01HQZW8X337GFAWAGB3JTZ51XQ,467-hxr-736,1.69E+12,1.70E+12,DISPATCHED
01HQZW8X35V35TQS3Y4R58CHFC,352-gee-597,1.68E+12,1.69E+12,UNABLE TO DELIVER
01HQZW8X36P7XC38TKR6AEWGQW,912-rhn-350,1.70E+12,1.71E+12,DELIVERED
01HQZW8X370TWEWSAZ0AA7GY7A,197-dzc-931,1.68E+12,1.70E+12,UNABLE TO DELIVER
01HQZW8X38WXW87TEYKVYHVKW3,112-enz-593,1.70E+12,1.69E+12,DISPATCHED
01HQZW8X39Q7F8X559MNKF0K8R,795-xvx-036,1.69E+12,1.69E+12,UNABLE TO DELIVER
01HQZW8X3A1Q4Z43X1BEA2R12B,452-vwu-125,1.68E+12,1.68E+12,UNABLE TO DELIVER
01HQZW8X3BC1RN8FJYMRYCD0XT,025-jxs-699,1.70E+12,1.68E+12,DELIVERED
01HQZW8X3CNVX0YSVZ250AD6YC,629-rkx-755,1.70E+12,1.69E+12,UNABLE TO DELIVER
01HQZW8X3D2894E7F5TXK8GQNS,495-cvq-676,1.70E+12,1.70E+12,UNABLE TO DELIVER
01HQZW8X3EV1REG8QK90XAJRGD,963-zpc-300,1.69E+12,1.71E+12,DISPATCHED
01HQZW8X3FFXJKXY5DZMP5BTVH,449-uth-377,1.70E+12,1.70E+12,DELIVERED
01HQZW8X3GYERWGDYM1CWHK5FR,883-kgb-241,1.68E+12,1.69E+12,DISPATCHED
01HQZW8X3HJ8561XKD984R2VR5,842-muf-215,1.70E+12,1.69E+12,DISPATCHED
01HQZW8X3J57GJTCC1K1P76TE7,536-xik-812,1.68E+12,1.70E+12,UNABLE TO DELIVER
01HQZW8X3KDQS0NV1DPH1GTSPR,233-yft-505,1.70E+12,1.70E+12,DISPATCHED
01HQZW8X3MK0Y2CXWZ806WS2JY,129-ont-959,1.71E+12,1.69E+12,DISPATCHED
01HQZW8X3N7JTAGPW64QD8P2FN,985-dhk-083,1.68E+12,1.70E+12,UNABLE TO DELIVER
01HQZW8X3PYS7NSAWTSZK1FCQV,794-cls-458,1.69E+12,1.70E+12,DISPATCHED
01HQZW8X3QZ94KQEJBMWDFJWYJ,160-kua-423,1.70E+12,1.69E+12,UNABLE TO DELIVER
01HQZW8X3R0R4ZKCERWXJ4R24V,282-bxg-190,1.69E+12,1.68E+12,DELIVERED
01HQZW8X3SJEKDXFTH4PGKF8E9,952-pwv-796,1.71E+12,1.68E+12,DELIVERED
01HQZW8X3TE9WZK3M7QF55J209,609-vya-158,1.69E+12,1.68E+12,DELIVERED
01HQZW8X3TZ1VQ669PQY11XYG2,353-ahh-124,1.69E+12,1.70E+12,DELIVERED
01HQZW8X3VEAYNJ5T0M3HGSECT,331-elv-467,1.70E+12,1.71E+12,UNABLE TO DELIVER
01HQZW8X3V9JSQXJH8Y6N0A797,499-qwc-107,1.68E+12,1.68E+12,UNABLE TO DELIVER
01HQZW8X3WN6RNSCS2VZGPXSXM,392-swg-572,1.68E+12,1.70E+12,UNABLE TO DELIVER
01HQZW8X3X1ZNQX5PYYEG2BX95,207-uus-071,1.70E+12,1.71E+12,DISPATCHED
01HQZW8X3Y2PC1P119MHY31S0F,329-dax-635,1.68E+12,1.69E+12,DELIVERED
01HQZW8X3YA1924FEN5PDFBKYW,977-vff-135,1.69E+12,1.69E+12,DELIVERED
01HQZW8X3Z05MQS3H27WFKFVCE,109-edm-171,1.70E+12,1.69E+12,UNABLE TO DELIVER
01HQZW8X3Z47FTN3JV96MN4NDB,666-ppp-876,1.70E+12,1.69E+12,DELIVERED
01HQZW8X40TC7QRVPRCXMHZGNM,978-gnj-075,1.71E+12,1.69E+12,DELIVERED
01HQZW8X41G65NF1HDP1DF8KYB,004-tkg-366,1.69E+12,1.68E+12,DISPATCHED
01HQZW8X424KC3WHREX0NP2V9C,521-evm-736,1.68E+12,1.70E+12,UNABLE TO DELIVER
01HQZW8X42QVMZNSY8F6CRRZ6X,787-ztw-868,1.70E+12,1.69E+12,DELIVERED
01HQZW8X43YZFRQPX8N5ZMCQRB,244-xca-350,1.68E+12,1.70E+12,DELIVERED
01HQZW8X44JJZP6ZHZ275MB5D9,589-gbx-393,1.70E+12,1.70E+12,DISPATCHED
01HQZW8X453YR7H7K0HT2X4PJ2,275-qrl-761,1.69E+12,1.69E+12,DELIVERED
01HQZW8X461YT65HBF2CXZDMN4,572-jki-997,1.68E+12,1.70E+12,DELIVERED
01HQZW8X47BPERBD1TQ763C2GE,333-rga-576,1.69E+12,1.70E+12,UNABLE TO DELIVER
01HQZW8X49F5390FX8C98JV7WS,003-dqy-930,1.69E+12,1.70E+12,DISPATCHED
01HQZW8X4AHW1381XQ1Y2KDJ1F,687-bkk-479,1.71E+12,1.68E+12,DELIVERED
01HQZW8X4BPY1CF5KT3MFGAS8Z,618-xjv-453,1.69E+12,1.68E+12,UNABLE TO DELIVER
01HQZW8X4CEFRSSDGKJ7JP9D2N,134-syd-573,1.69E+12,1.68E+12,DELIVERED
01HQZW8X4D3GND2CE6H62Q96XR,218-sne-919,1.70E+12,1.69E+12,DELIVERED
01HQZW8X4E7N119G9497NAP2MP,283-ylx-950,1.70E+12,1.69E+12,UNABLE TO DELIVER
01HQZW8X4ECFBFRSD5GDJ9SNBP,710-oep-409,1.68E+12,1.71E+12,DELIVERED
01HQZW8X4GBAPDA51QNZJFHZJX,250-cdb-152,1.70E+12,1.69E+12,DISPATCHED
01HQZW8X4HRSQNCW91QEYRWZRX,441-hnt-130,1.69E+12,1.70E+12,UNABLE TO DELIVER
01HQZW8X4JGFM0JDZ070AYAQGQ,415-sms-669,1.70E+12,1.71E+12,DELIVERED
01HQZW8X4JTQ4CWMDGEMHSCMMW,490-crq-639,1.69E+12,1.68E+12,DISPATCHED
01HQZW8X4JMGXGK25BRKAWGTQ5,348-ucq-664,1.69E+12,1.70E+12,UNABLE TO DELIVER
01HQZW8X4KKNKB1AKYDJZBPK4E,318-tjm-524,1.68E+12,1.68E+12,DISPATCHED
01HQZW8X4KMNF3P982P413R531,069-kfo-872,1.70E+12,1.69E+12,DELIVERED
01HQZW8X4MYAYMMWJMH2RFBR7T,479-jpd-878,1.69E+12,1.70E+12,DELIVERED
01HQZW8X4M68X61M3MDS942SBT,603-acp-423,1.69E+12,1.71E+12,DISPATCHED
01HQZW8X4NYCQN9WK15B2SPF0G,097-hbu-134,1.69E+12,1.70E+12,DISPATCHED
01HQZW8X4NE7MW8BT0DGEM0FJX,656-nkl-332,1.69E+12,1.70E+12,DISPATCHED
01HQZW8X4PNRSAMW5KMYBAS4AF,153-dfo-520,1.68E+12,1.70E+12,DELIVERED
01HQZW8X4RMNGPQH6NWMZGHM32,291-dty-987,1.69E+12,1.68E+12,DISPATCHED
01HQZW8X4S87JPMWYC6JG475MR,980-jym-702,1.70E+12,1.69E+12,DISPATCHED
01HQZW8X4TZRGRX1PK8X5H2KVW,856-hqz-050,1.71E+12,1.70E+12,UNABLE TO DELIVER
01HQZW8X4V3GMRM1FDC9SSRKBV,751-oxv-044,1.70E+12,1.68E+12,UNABLE TO DELIVER
01HQZW8X4W0V5QWRVBVYXP8C9S,487-wgy-319,1.71E+12,1.69E+12,DISPATCHED
01HQZW8X4XDYHXSV2V61TFX686,968-rtv-675,1.70E+12,1.69E+12,DISPATCHED
01HQZW8X4Y70SYKJMY540MF2VP,792-vpf-246,1.69E+12,1.69E+12,DISPATCHED
01HQZW8X4YS3X39HYFZ24Z2APN,330-pim-123,1.69E+12,1.68E+12,UNABLE TO DELIVER
01HQZW8X4YTX71DQP5AC6BP47T,275-idr-431,1.70E+12,1.69E+12,DISPATCHED
01HQZW8X50GZB88WYBXTNYE731,959-mms-815,1.70E+12,1.70E+12,UNABLE TO DELIVER
01HQZW8X51TC80N3C028RZEQ8D,071-sdy-906,1.71E+12,1.70E+12,UNABLE TO DELIVER
01HQZW8X52TAWS2M488V7V74NJ,319-lml-615,1.69E+12,1.69E+12,DISPATCHED
01HQZW8X53688WJ6XX3PF537YP,663-gze-027,1.69E+12,1.68E+12,UNABLE TO DELIVER
01HQZW8X54HXPTTWDXJ28XH1C5,706-xnz-766,1.69E+12,1.69E+12,UNABLE TO DELIVER
01HQZW8X553VTWMB075GGAK47R,660-rje-899,1.69E+12,1.69E+12,DISPATCHED
01HQZW8X560XTDSVHGKDF3RM2J,960-qgz-025,1.69E+12,1.70E+12,UNABLE TO DELIVER
01HQZW8X57AYXZ3A9PA4JTY9CG,779-eqz-580,1.68E+12,1.70E+12,DELIVERED
01HQZW8X58YZG2B2ZQCR3163TT,898-few-921,1.70E+12,1.68E+12,DISPATCHED
01HQZW8X5988FHXG3AJFH26CZF,574-cej-027,1.70E+12,1.69E+12,UNABLE TO DELIVER
01HQZW8X5AG61V988WRZSA041F,774-kxb-539,1.68E+12,1.69E+12,DISPATCHED
01HQZW8X5BP4WJTSNNE2ZKEF3W,696-nsx-720,1.68E+12,1.70E+12,UNABLE TO DELIVER
01HQZW8X5CSJAQGW76005D1Y35,349-fac-138,1.68E+12,1.71E+12,DELIVERED
01HQZW8X5DGPFE7DNW7KKPNSM2,277-gft-107,1.70E+12,1.69E+12,DISPATCHED
01HQZW8X5EJCFWWDWMW7GR7WB9,063-nlt-234,1.68E+12,1.69E+12,UNABLE TO DELIVER
01HQZW8X5FXP347KP3SVN60MQP,344-ofw-095,1.70E+12,1.69E+12,DISPATCHED
01HQZW8X5GQ03TEHARD1FTMQ5V,666-xvb-536,1.70E+12,1.68E+12,UNABLE TO DELIVER
01HQZW8X5H93F7SKP8BZM196MV,837-exl-576,1.69E+12,1.70E+12,UNABLE TO DELIVER
01HQZW8X5JJXM0MQRX53CV4VY1,223-arr-637,1.70E+12,1.70E+12,DISPATCHED
01HQZW8X5KFGPG6RKX1WGZMB2S,190-xzk-590,1.68E+12,1.69E+12,DISPATCHED
01HQZW8X5MWX5VMB4S6884B58J,387-usj-371,1.70E+12,1.70E+12,DELIVERED
01HQZW8X5N2S4RM5G0BR70ZYVP,736-ucs-763,1.69E+12,1.69E+12,UNABLE TO DELIVER
01HQZW8X5P4H1TZ67WKZYFCGPS,549-bvs-562,1.68E+12,1.69E+12,DISPATCHED
01HQZW8X5PJ4FZSE5GT6XYST8G,509-mzh-953,1.70E+12,1.69E+12,UNABLE TO DELIVER
01HQZW8X5QGDEHMAVS5XCF8V7Q,518-ohm-904,1.70E+12,1.71E+12,DISPATCHED
01HQZW8X5QFAHVQZY0XHWPE3RX,767-fwz-954,1.70E+12,1.70E+12,UNABLE TO DELIVER
01HQZW8X5R739GJJ1D96ZAKT50,971-ygp-183,1.69E+12,1.71E+12,DISPATCHED
01HQZW8X5SR6PSW40TR0H1DZS4,572-fen-402,1.68E+12,1.71E+12,DELIVERED
01HQZW8X5SCR7FBE6KAG1PW2EC,194-eme-202,1.68E+12,1.70E+12,UNABLE TO DELIVER
01HQZW8X5TMX7HG32T6HS0F273,639-ppj-142,1.69E+12,1.70E+12,DELIVERED
01HQZW8X5VJVHNKP30HVQFMF1R,103-zhp-482,1.69E+12,1.69E+12,UNABLE TO DELIVER
01HQZW8X5V6K14SRHJRH0HVS91,406-xmk-377,1.70E+12,1.70E+12,DISPATCHED
01HQZW8X5W34706C8QMW3R3ZV8,088-csl-643,1.69E+12,1.69E+12,DELIVERED
01HQZW8X5XT0WVG23X11XWXY3Y,649-iex-916,1.70E+12,1.69E+12,UNABLE TO DELIVER
01HQZW8X5YMP1V8ZR8QF2B7HV7,809-phv-637,1.69E+12,1.68E+12,UNABLE TO DELIVER
01HQZW8X5ZRCXNAYT725VS2YAX,681-gxu-755,1.70E+12,1.69E+12,DELIVERED
01HQZW8X6051N5DTNGTE3NM1HA,328-pko-514,1.69E+12,1.68E+12,DISPATCHED
01HQZW8X61J8TVSRSHX947EQZR,432-qay-028,1.68E+12,1.68E+12,DELIVERED
01HQZW8X62KEV9AQ5J9P19SFBD,715-nox-017,1.69E+12,1.71E+12,DISPATCHED
01HQZW8X6353Q7KGRB0P3CHJP0,859-oaf-961,1.69E+12,1.69E+12,DELIVERED
01HQZW8X64S9H2X2ZF96RZRYYJ,662-omg-459,1.69E+12,1.68E+12,UNABLE TO DELIVER
01HQZW8X65MAA41AVXHR64PMPY,548-lwn-939,1.70E+12,1.68E+12,DELIVERED
01HQZW8X66QDX4Z3RGFB11K588,590-fus-364,1.70E+12,1.68E+12,DISPATCHED
01HQZW8X67KR786ENTKYPVBZJ0,733-cvz-027,1.68E+12,1.68E+12,UNABLE TO DELIVER
01HQZW8X683MNVEMTWG06F63M6,824-vuo-729,1.69E+12,1.70E+12,DELIVERED
01HQZW8X699KBVMDTBKKNTTERR,038-fix-237,1.70E+12,1.70E+12,UNABLE TO DELIVER
01HQZW8X6AQZHWT0TBKDVYDHTG,494-wdw-526,1.68E+12,1.68E+12,DELIVERED
01HQZW8X6BM6XY293FAE8F532D,029-yne-373,1.68E+12,1.68E+12,UNABLE TO DELIVER
01HQZW8X6C66V2D7MW9SYWK5QV,173-fvv-640,1.69E+12,1.70E+12,UNABLE TO DELIVER
01HQZW8X6DE0JKWP6CRS9SA6TB,087-vdx-192,1.70E+12,1.68E+12,DISPATCHED
01HQZW8X6EKFHARXCM874XZ04H,427-qdm-218,1.69E+12,1.70E+12,DELIVERED
01HQZW8X6FJ2N6Y1YJ0EFP8246,843-hon-080,1.69E+12,1.70E+12,UNABLE TO DELIVER
01HQZW8X6G2RZDMZ6DZ2SQHRDE,189-dqw-381,1.70E+12,1.69E+12,DELIVERED
01HQZW8X6HG5QFPTFZJ6FVSE4P,587-qqr-192,1.70E+12,1.70E+12,DISPATCHED
01HQZW8X6H3DMA5FNMD350S29T,683-mgh-689,1.70E+12,1.68E+12,DELIVERED
01HQZW8X6HK8K38RPVDFGX5V2W,584-qzr-843,1.68E+12,1.70E+12,DELIVERED
01HQZW8X6JV1SKWB7QTQDEJPDP,133-gvp-521,1.69E+12,1.68E+12,DISPATCHED
01HQZW8X6JTJXY18R6A776T73X,614-szk-411,1.68E+12,1.70E+12,DISPATCHED
01HQZW8X6KGC240ZJRS7Y0CMRK,247-irn-752,1.70E+12,1.68E+12,DELIVERED
01HQZW8X6KHS8CBQN1FA1Q9G7R,441-liw-363,1.69E+12,1.70E+12,DELIVERED
01HQZW8X6MTT5X5H89A2RVQ43Y,528-vbn-931,1.70E+12,1.69E+12,DISPATCHED
01HQZW8X6M30SYM4TV7R09KH4M,672-pnc-055,1.69E+12,1.69E+12,DISPATCHED
01HQZW8X6MA11W4SYN1Q0NVQRF,792-yxl-532,1.68E+12,1.70E+12,DISPATCHED
01HQZW8X6NH5AN8MQG5VPHJF7F,790-btn-357,1.68E+12,1.70E+12,UNABLE TO DELIVER
01HQZW8X6N5JTFYB3TATZHNR9D,983-dsf-626,1.70E+12,1.69E+12,UNABLE TO DELIVER
01HQZW8X6PNE50Q1X8Q6CTTMH7,550-vlv-628,1.70E+12,1.70E+12,DELIVERED
01HQZW8X6PS6N5PYV0DEEZXAMK,639-hzd-158,1.68E+12,1.70E+12,DELIVERED
01HQZW8X6PJFPX13H5VSR8980C,949-ydp-404,1.69E+12,1.69E+12,DELIVERED
01HQZW8X6Q2NFJFPB23MWZRVXT,528-htk-711,1.69E+12,1.68E+12,DELIVERED
01HQZW8X6Q0KBAB1M4C4TN7KB7,350-nng-762,1.69E+12,1.70E+12,DELIVERED
01HQZW8X6RCHCZSV33EGCR8RW0,125-ikg-011,1.70E+12,1.71E+12,UNABLE TO DELIVER
01HQZW8X6RE15Q4EHVP8702JNR,055-fqi-555,1.69E+12,1.68E+12,DISPATCHED
01HQZW8X6RSHPS7JGYJ0R5ZXWP,496-lcl-540,1.68E+12,1.69E+12,UNABLE TO DELIVER
01HQZW8X6SESTC20VQZ2T1Q0VX,994-yab-233,1.70E+12,1.70E+12,DELIVERED
01HQZW8X6S38NRTE90BT5TBWFQ,757-nxg-942,1.69E+12,1.71E+12,UNABLE TO DELIVER
01HQZW8X6TNPQMEHM7S7RZAMPG,384-aen-285,1.69E+12,1.69E+12,UNABLE TO DELIVER
01HQZW8X6TTF7S1ARWTXNNPDKQ,157-dkp-960,1.69E+12,1.70E+12,UNABLE TO DELIVER
01HQZW8X6VGXJZ8559B33SWE8C,182-rnq-405,1.68E+12,1.68E+12,UNABLE TO DELIVER
01HQZW8X6W8FMDDN367KA4KCF9,899-fls-087,1.68E+12,1.69E+12,DELIVERED
01HQZW8X6XG9M0JSGVDMTCXZDK,055-hxh-469,1.70E+12,1.68E+12,UNABLE TO DELIVER
01HQZW8X6XN711ME34P2VFYSM7,730-zbl-818,1.69E+12,1.69E+12,DISPATCHED
01HQZW8X6YPPSFWR8XKWMYDK9R,329-qzq-414,1.70E+12,1.70E+12,DISPATCHED
01HQZW8X6Y4K18XYX7CKJM3YEA,452-xig-046,1.70E+12,1.69E+12,DISPATCHED
01HQZW8X6YKPPCFH2P3PB829A4,053-mpp-794,1.70E+12,1.70E+12,UNABLE TO DELIVER
01HQZW8X6ZQCTQWE7TKKBT0CR3,792-vmy-154,1.70E+12,1.70E+12,DELIVERED
01HQZW8X70BBXBJZZJ461CWW4C,392-egl-259,1.70E+12,1.70E+12,UNABLE TO DELIVER
01HQZW8X71783TFHKQKZT2X24P,631-ixa-106,1.68E+12,1.70E+12,UNABLE TO DELIVER
01HQZW8X727KFJPYHVSD3JZK6K,994-sfk-335,1.70E+12,1.69E+12,DISPATCHED
01HQZW8X737HNN4GFS09FYQ15B,948-jzo-274,1.68E+12,1.70E+12,DELIVERED
01HQZW8X74NWVKKW6YK9XTK3WD,116-oax-686,1.68E+12,1.70E+12,UNABLE TO DELIVER
01HQZW8X74J98B4ASKG5HJTESE,731-new-612,1.70E+12,1.68E+12,UNABLE TO DELIVER
01HQZW8X7427ZW6JKZX00W954A,630-zpn-891,1.70E+12,1.68E+12,UNABLE TO DELIVER
01HQZW8X75G7VHGCHQMVJX6CKH,721-rtx-968,1.70E+12,1.69E+12,DELIVERED
01HQZW8X75SH6K7CCKEAWW99YR,948-ana-156,1.70E+12,1.68E+12,DELIVERED
01HQZW8X76P7VNGRYA3VX0D5P9,584-qld-206,1.68E+12,1.68E+12,UNABLE TO DELIVER
01HQZW8X760Y1ED8NMEY3RCG53,221-uio-797,1.70E+12,1.70E+12,DISPATCHED
01HQZW8X76K2VJXVTWAYG7RSPA,288-rlr-945,1.69E+12,1.69E+12,DELIVERED
01HQZW8X77DKAT3PV4E4PJH0V4,013-tsr-944,1.69E+12,1.70E+12,DELIVERED
01HQZW8X778HCSR5YSQQ8D34FN,194-wpg-025,1.70E+12,1.70E+12,UNABLE TO DELIVER
01HQZW8X78VQGWZVZKXTNRNW5E,259-tod-371,1.70E+12,1.69E+12,UNABLE TO DELIVER
01HQZW8X79JXBXMY3QNY5DWHZY,562-cgp-478,1.70E+12,1.71E+12,DELIVERED
01HQZW8X791TAG4RG8X7JY4MG5,952-zir-761,1.70E+12,1.69E+12,DISPATCHED
01HQZW8X793CPMWPXB8JXDT12E,617-ylc-928,1.69E+12,1.69E+12,DISPATCHED
01HQZW8X7AJS37VW70Z8MTQ5VP,942-cqc-881,1.71E+12,1.68E+12,DISPATCHED
01HQZW8X7A4X7SJCE6P8WG6Q29,207-dkn-705,1.70E+12,1.69E+12,DELIVERED
01HQZW8X7B8BNRB3MEDX9J0A4J,582-nzt-816,1.68E+12,1.68E+12,DELIVERED
01HQZW8X7BXMQ25H0R6M9TP9N2,445-miw-052,1.70E+12,1.69E+12,DELIVERED
01HQZW8X7BW7YGCD9DESW88S21,022-pba-846,1.68E+12,1.70E+12,DELIVERED
01HQZW8X7C4FF52B656VMM8PSY,286-gbx-690,1.69E+12,1.70E+12,DISPATCHED
01HQZW8X7CK1V6Q9P5BN5HQS5W,834-bld-608,1.70E+12,1.69E+12,UNABLE TO DELIVER
01HQZW8X7DC3WP9V19PPZGGSS7,961-aup-357,1.69E+12,1.69E+12,DISPATCHED
01HQZW8X7E3A9MH44C9EZYB58E,232-sae-285,1.70E+12,1.68E+12,DELIVERED
01HQZW8X7F2HMP03Q2R44BE6SN,963-kzm-778,1.70E+12,1.69E+12,UNABLE TO DELIVER
01HQZW8X7GS5T9S0XQDTVBAA3J,929-ndj-685,1.69E+12,1.68E+12,UNABLE TO DELIVER
01HQZW8X7H4SY28KPS83MC1MKN,412-lhc-556,1.68E+12,1.68E+12,DELIVERED
01HQZW8X7JKV6BZFFVJRHKQNE3,601-iiz-676,1.68E+12,1.69E+12,UNABLE TO DELIVER
01HQZW8X7KJB8DRY59N3Q6QTNY,742-wut-317,1.68E+12,1.69E+12,UNABLE TO DELIVER
01HQZW8X7MDSBM09MNYZMV5RSR,210-pnr-584,1.69E+12,1.68E+12,DISPATCHED
01HQZW8X7N8FEF4Y46Q7PZ25Q8,186-god-038,1.68E+12,1.68E+12,UNABLE TO DELIVER
01HQZW8X7NJE35ZMN3HC5QBZ9E,191-liv-207,1.70E+12,1.68E+12,DISPATCHED
01HQZW8X7NEXFB8X1M9DVJTX0M,668-jpd-732,1.70E+12,1.70E+12,DELIVERED
01HQZW8X7PTGWAN7JCPVJCN8T8,155-hyc-245,1.70E+12,1.69E+12,UNABLE TO DELIVER
01HQZW8X7Q8P5BZJ7NEMBKX5NQ,061-mjp-085,1.69E+12,1.70E+12,UNABLE TO DELIVER
01HQZW8X7Q78PD2YJ93XH7Q74D,562-xwn-281,1.70E+12,1.69E+12,UNABLE TO DELIVER
01HQZW8X7RNZKQF6Q2QF9AYHT1,870-dll-478,1.69E+12,1.70E+12,DISPATCHED
01HQZW8X7SCTH5EJSCPE35Y799,154-oig-324,1.68E+12,1.68E+12,DELIVERED
01HQZW8X7TY0WHBCMDY70DQGD9,287-pri-036,1.70E+12,1.68E+12,DELIVERED
01HQZW8X7TD44Y4HDK165QED1C,858-bpd-801,1.69E+12,1.70E+12,DELIVERED
01HQZW8X7VXPRYMFBNM0XR8AXB,387-ucl-507,1.69E+12,1.69E+12,UNABLE TO DELIVER
01HQZW8X7WFW6RD7A01CN88MXF,200-kjm-466,1.69E+12,1.70E+12,DISPATCHED
01HQZW8X7XK9XK462157X8TBF6,367-epf-936,1.70E+12,1.69E+12,UNABLE TO DELIVER
01HQZW8X7X3RDFMHGWVFXWFYW5,693-glk-084,1.68E+12,1.68E+12,DISPATCHED
01HQZW8X7YTMDPXX6DV6S45PVD,943-enf-911,1.69E+12,1.69E+12,DISPATCHED
01HQZW8X7Y7BEFYT1WWTEE96G4,266-hon-787,1.68E+12,1.70E+12,DISPATCHED
01HQZW8X7YQQ912NQ0PRGATAK3,930-kpb-097,1.69E+12,1.68E+12,DISPATCHED
01HQZW8X7ZTNGRRDZP61Q7ZQ8K,409-hvr-691,1.69E+12,1.69E+12,UNABLE TO DELIVER
01HQZW8X80P14DRWFV08C8FZD9,893-fed-867,1.71E+12,1.69E+12,UNABLE TO DELIVER
01HQZW8X81ZHKA3C6EAGAAYPF2,713-ybk-097,1.68E+12,1.68E+12,DISPATCHED
01HQZW8X81VHZ7DD16GBVY8K37,723-jfq-616,1.70E+12,1.69E+12,DELIVERED
01HQZW8X82FD7P1C4K5G8E1QQY,233-hah-571,1.70E+12,1.68E+12,UNABLE TO DELIVER
01HQZW8X8237WBEXSBW16K4FYB,167-pne-637,1.68E+12,1.68E+12,DELIVERED
01HQZW8X8268KZVDS7XZ45JB5T,255-eyh-342,1.69E+12,1.69E+12,DISPATCHED
01HQZW8X83KDCHK8GD00CD1Y4R,550-xvc-445,1.70E+12,1.68E+12,DISPATCHED
01HQZW8X83K0R1RYCVR4D3VKY9,340-zbs-708,1.70E+12,1.70E+12,DISPATCHED
01HQZW8X84VCGYJVJENEVQTQB0,672-cob-008,1.68E+12,1.69E+12,UNABLE TO DELIVER
01HQZW8X840AYSND41R2JPQEC6,930-bzf-985,1.68E+12,1.70E+12,DELIVERED
01HQZW8X84Y0S04ZPTJH827QKA,978-ajx-885,1.68E+12,1.70E+12,UNABLE TO DELIVER
01HQZW8X85FWYVCZ9BM499PCV3,658-vhv-082,1.70E+12,1.68E+12,DISPATCHED
01HQZW8X86FK1C74HNGDJ4KF26,187-fdc-345,1.70E+12,1.71E+12,DELIVERED
01HQZW8X888DG54V04ZQ2D50QN,515-tps-290,1.68E+12,1.70E+12,UNABLE TO DELIVER
01HQZW8X8819D66HGR21D1DW7D,385-jgg-556,1.70E+12,1.69E+12,DELIVERED
01HQZW8X89B4X3222E5FWDKFVV,611-ttm-735,1.69E+12,1.69E+12,UNABLE TO DELIVER
01HQZW8X8AG4GRX1Q0C11V4KT5,400-wai-783,1.70E+12,1.69E+12,DELIVERED
01HQZW8X8AVPG7347R0WXSYC18,408-voh-507,1.69E+12,1.68E+12,DELIVERED
01HQZW8X8AE4RSPA655NFHCNDH,767-ylk-626,1.69E+12,1.71E+12,DISPATCHED
01HQZW8X8BCFWMDFM2K6M06XWQ,312-vom-433,1.69E+12,1.69E+12,DELIVERED
01HQZW8X8B9JAF4GBQN5PFBEEV,569-vqf-564,1.70E+12,1.68E+12,DISPATCHED
01HQZW8X8C8D8VD1H4QQYN0BPS,465-khf-447,1.70E+12,1.70E+12,DELIVERED
01HQZW8X8CR14D41KD0GS1AEEC,778-tpp-309,1.70E+12,1.70E+12,DISPATCHED
01HQZW8X8DCYZXAPJ9GWVN5XFA,105-obz-825,1.70E+12,1.70E+12,DISPATCHED
01HQZW8X8DPPY5FXBR1J0DDPDG,670-qpx-182,1.70E+12,1.69E+12,DISPATCHED
01HQZW8X8ET05EA352PQ4QQFYA,756-zkq-474,1.70E+12,1.70E+12,DELIVERED
01HQZW8X8EC7V677NJ8J7B824P,988-ggq-421,1.70E+12,1.69E+12,UNABLE TO DELIVER
01HQZW8X8EMK08ZN3T2NNN4YA9,770-gla-104,1.68E+12,1.69E+12,DELIVERED
01HQZW8X8FF82KE8KRBB54HXP8,574-mkm-948,1.70E+12,1.68E+12,DISPATCHED
01HQZW8X8GY9QAQ02D7PHFH3FH,242-fxr-942,1.68E+12,1.68E+12,DELIVERED
01HQZW8X8H90R7HM95DZT6MEBF,777-inl-115,1.68E+12,1.69E+12,DISPATCHED
01HQZW8X8HZH62H7HNMCR9ENEG,523-dqo-597,1.69E+12,1.68E+12,UNABLE TO DELIVER
01HQZW8X8JR8KPE6ZBZPM89MDB,043-eml-876,1.71E+12,1.68E+12,DISPATCHED
01HQZW8X8JB9PYZJM71MCST497,782-dsl-486,1.69E+12,1.70E+12,DELIVERED
01HQZW8X8KJM0Y9J9P81BWHGDT,817-upd-857,1.68E+12,1.69E+12,DELIVERED
01HQZW8X8K6G7ABWTEV1SP66Q1,651-nzv-454,1.69E+12,1.69E+12,UNABLE TO DELIVER
01HQZW8X8KV1K18104NB38TVSS,723-wco-385,1.69E+12,1.69E+12,DELIVERED
01HQZW8X8MZAKYKKPEM0KNXJAG,720-qtb-009,1.70E+12,1.68E+12,UNABLE TO DELIVER
01HQZW8X8M6JP60GX900SMQCQ2,842-txq-135,1.68E+12,1.69E+12,UNABLE TO DELIVER
01HQZW8X8NSVJ84ABC54DBAFY6,001-mil-964,1.69E+12,1.68E+12,DISPATCHED
01HQZW8X8NR4SX9PT8N78VN62W,321-cvr-479,1.70E+12,1.69E+12,DISPATCHED
01HQZW8X8PNWV34DRTTC1WGPKK,503-xvn-050,1.69E+12,1.69E+12,DELIVERED
01HQZW8X8P7A7Z19NP4YEYXG2X,166-tuv-747,1.69E+12,1.69E+12,UNABLE TO DELIVER
01HQZW8X8QXWAYR52VWRTPS5DC,595-lfm-834,1.70E+12,1.69E+12,DISPATCHED
01HQZW8X8Q6WHKD0ZWPD21TC4H,420-ffy-402,1.68E+12,1.69E+12,DISPATCHED
01HQZW8X8QSNZZ08A8ZJPDMTPD,269-nyv-068,1.69E+12,1.70E+12,DELIVERED
01HQZW8X8R1FP9NAC8HA4RS72B,942-ypp-943,1.68E+12,1.68E+12,UNABLE TO DELIVER
01HQZW8X8RZM0YDQ1299RRRC5B,373-gpz-807,1.69E+12,1.69E+12,UNABLE TO DELIVER
01HQZW8X8SZF16ZCQYGP78B5FF,489-eys-240,1.69E+12,1.69E+12,UNABLE TO DELIVER
01HQZW8X8S2SJR25D6CBSGPXMQ,192-syy-961,1.69E+12,1.69E+12,UNABLE TO DELIVER
01HQZW8X8TAPZ8HC39RRFJTFN8,530-unn-749,1.69E+12,1.69E+12,DISPATCHED
01HQZW8X8T1BYJDM9JQT0N2D4E,779-dpr-583,1.70E+12,1.68E+12,DELIVERED
01HQZW8X8V50YHKTHFVN5B6ZW3,869-zqj-776,1.69E+12,1.71E+12,UNABLE TO DELIVER
01HQZW8X8VZQD2AKPY01VANC1Y,007-dea-599,1.70E+12,1.69E+12,DELIVERED
01HQZW8X8V1VX8H6AA60F3YWBD,722-tgm-315,1.68E+12,1.68E+12,UNABLE TO DELIVER
01HQZW8X8WACQF5ZKFNNQS7W3R,136-yex-166,1.68E+12,1.69E+12,DISPATCHED
01HQZW8X8WSK9YB416ZPH5WJ5K,735-hyr-341,1.68E+12,1.68E+12,DISPATCHED
01HQZW8X8XSBYYKREPMXYZGM9X,367-hga-620,1.69E+12,1.69E+12,DELIVERED
01HQZW8X8XFR420A33PB5DF1GJ,751-kct-383,1.70E+12,1.69E+12,DELIVERED
01HQZW8X8Y03GGJ410HGE7F4ZE,646-zzw-724,1.68E+12,1.69E+12,DISPATCHED
01HQZW8X8Y3P9DQK8MWJ7X7GV8,919-vci-382,1.68E+12,1.68E+12,DISPATCHED
01HQZW8X8YGDRAKKKJW15Z86VE,557-vsg-001,1.70E+12,1.68E+12,UNABLE TO DELIVER
01HQZW8X8ZWW7HTVXX1NCKPS4T,780-pnb-372,1.70E+12,1.70E+12,DISPATCHED
01HQZW8X8Z48MQQB15Q0FK0B9X,435-ide-759,1.69E+12,1.71E+12,UNABLE TO DELIVER
01HQZW8X90A53YY6CMCC4F5T7M,680-nit-909,1.70E+12,1.68E+12,DELIVERED
01HQZW8X90Y1DBE57NXC8HVEBS,586-gst-152,1.69E+12,1.70E+12,UNABLE TO DELIVER
01HQZW8X91QZRVD616CG1K8018,636-wyy-875,1.70E+12,1.68E+12,UNABLE TO DELIVER
01HQZW8X911XYQS4CMGAJ83YP3,018-wje-144,1.69E+12,1.70E+12,DISPATCHED
01HQZW8X9293GC4CGQ0Q846866,631-zmf-574,1.68E+12,1.69E+12,DELIVERED
01HQZW8X92K7NNYNXG4W8GX3T5,414-ggp-850,1.69E+12,1.69E+12,UNABLE TO DELIVER
01HQZW8X92ZX51E2J2CCMADFYW,811-dem-123,1.70E+12,1.69E+12,UNABLE TO DELIVER
01HQZW8X93T2JXFEY7XNK5XJC1,878-ser-277,1.69E+12,1.69E+12,DELIVERED
01HQZW8X93A2XFDXWG5ARZY26Z,763-egc-971,1.68E+12,1.68E+12,DISPATCHED
01HQZW8X94F7BFH61QMS18RW0Z,167-wkw-224,1.68E+12,1.70E+12,DELIVERED
01HQZW8X95JPFG0QV898Y7W4T0,218-njw-527,1.69E+12,1.68E+12,DELIVERED
01HQZW8X955PXRHKQSQNZ70VWK,130-aqh-330,1.69E+12,1.70E+12,DISPATCHED
01HQZW8X95BDQJVRKP12MDGPZD,032-mif-992,1.69E+12,1.69E+12,UNABLE TO DELIVER
01HQZW8X967AFKVACZW2GRMFEZ,656-jyw-673,1.70E+12,1.69E+12,DELIVERED
01HQZW8X962MVFXTW0XCNYC4DH,519-ztw-169,1.70E+12,1.69E+12,DELIVERED
01HQZW8X97GHFCRJ1Q0XJQQ8KN,498-tbo-477,1.70E+12,1.70E+12,DELIVERED
01HQZW8X97AB3G3S6RJS8XRCRM,809-vqr-826,1.71E+12,1.70E+12,DELIVERED
01HQZW8X98MT6PPW673A6N90KJ,504-jfs-436,1.68E+12,1.71E+12,DELIVERED
01HQZW8X98JQXT6FBDWKZ4SDCR,497-obn-145,1.70E+12,1.69E+12,UNABLE TO DELIVER
01HQZW8X98K1VS2TYH7MZH27EY,325-wgm-888,1.70E+12,1.68E+12,UNABLE TO DELIVER
01HQZW8X99V8ZV99213HPXRW6H,974-kru-480,1.69E+12,1.70E+12,UNABLE TO DELIVER
01HQZW8X9AY6PVHD8NXQXHXKYP,768-dli-503,1.70E+12,1.69E+12,DISPATCHED
01HQZW8X9AN1GA1AMJ0J2DAS8Y,887-efl-897,1.69E+12,1.70E+12,DISPATCHED
01HQZW8X9BW3C5DR72M4214XD3,293-fcj-577,1.70E+12,1.69E+12,DELIVERED
01HQZW8X9C3BDEXG1T2J60FKV7,536-flu-268,1.68E+12,1.68E+12,UNABLE TO DELIVER
01HQZW8X9DF7M1VMMEBRJQ9WAT,959-myn-757,1.68E+12,1.69E+12,UNABLE TO DELIVER
01HQZW8X9DB6RB5ADT6BH1HZ4B,142-lbu-679,1.70E+12,1.69E+12,DELIVERED
01HQZW8X9EG807J2X5KWZD7K67,403-pce-528,1.71E+12,1.70E+12,UNABLE TO DELIVER